SpecCommon,PlotName,DBH,HtTot,bio_wood,bio_bark,bio_foilage,bio_branches
Eastern White Pine,ACH_BPGP,19.8,18.6,87.76,13.83,19.8,13.21
Eastern White Pine,ACH_MPGP,12.4,13.7,30.32,4.932,12.4,3.911
Eastern White Pine,ACH_APGP,17.3,16.8,64.59,10.27,17.3,9.3
Eastern White Pine,ACH_MPGP,26.7,21.3,173.0,26.73,26.7,28.75
Eastern White Pine,CE7014PSP,4,4.1,2.322,0.4075,4.0,0.2062
Eastern White Pine,LWP1994013PSP,19.9,11.49,88.77,13.99,19.9,13.39
Eastern White Pine,CE1007PSP,2.6,3.16,0.8731,0.1577,2.6,0.06723
Eastern White Pine,ACH_MPGP,16,14,54.09,8.649,16.0,7.59
Eastern White Pine,CE3002PSP,45.2,29.7,571.9,85.29,45.2,113.1
Eastern White Pine,CE1010PSP,4.5,4.43,3.034,0.5283,4.5,0.2801
Eastern White Pine,FCTEM2004070PGP,5.1,4.41,4.032,0.6961,5.1,0.3878
Eastern White Pine,CE0068PSP,32.8,24.4,276.1,42.07,32.8,49.11
Eastern White Pine,SR0401PSP,3.5,3.5,1.715,0.3036,3.5,0.1457
Eastern White Pine,CE1017PSP,9.9,6.95,18.18,3.002,9.9,2.177
Eastern White Pine,ACH_EPGP,16,20.1,54.09,8.649,16.0,7.59
Eastern White Pine,SR4222PSP,57.5,29.4,987.9,145.0,57.5,211.5
Eastern White Pine,CE1004PSP,4.7,3.73,3.349,0.5814,4.7,0.3136
Eastern White Pine,ACH_FPGP,45.1,29.08,569.1,84.87,45.1,112.4
Eastern White Pine,CE3014PSP,2.9,4.85,1.119,0.2006,2.9,0.08932
Eastern White Pine,CE5007PSP,54.4,29.41,871.1,128.3,54.4,183.1
Eastern White Pine,CE3029PSP,18.7,22.3,77.08,12.2,18.7,11.39
Eastern White Pine,1253186PIP,13.7,8.2,38.03,6.143,13.7,5.069
Eastern White Pine,ACH_BPGP,43.4,30.7,521.5,77.98,43.4,101.7
Eastern White Pine,SR0406PSP,37.1,24.7,365.2,55.19,37.1,67.65
Red Pine,ACH_KPGP,30.7,21.7,245.2,21.22,30.7,40.77
Red Pine,WWA1993003PSP,4,3.54,1.676,0.3236,4.0,0.1497
Red Pine,CE4113PSP,30.6,27.57,243.3,21.08,30.6,40.41
Red Pine,CE1039PSP,8.9,7.94,11.86,1.671,8.9,1.351
Red Pine,CE3000PSP,6.8,8.2,6.138,0.9617,6.8,0.6444
Red Pine,FCBOW56-2005-14PGP,3.8,4.8,1.478,0.2913,3.8,0.13
Red Pine,CE2007PSP,33.9,17.2,312.5,26.01,33.9,53.56
Red Pine,CE3000PSP,18.5,21,71.03,7.504,18.5,10.12
Red Pine,CE1008PSP,7.1,5.4,6.822,1.051,7.1,0.7257
Red Pine,CE4110PSP,2.9,3.1,0.763,0.1672,2.9,0.06177
Red Pine,CE1017PSP,50.8,19.6,840.8,59.67,50.8,163.0
Red Pine,ACH_CPGP,33,26.77,292.6,24.62,33.0,49.74
Red Pine,ACH_CPGP,26.4,25.1,169.5,15.57,26.4,26.92
Red Pine,CE3004PSP,16.8,16.8,56.1,6.157,16.8,7.762
Red Pine,CE0067PSP,14.3,15.17,37.83,4.423,14.3,4.982
Red Pine,ACH_HPGP,30.5,20.1,241.3,20.94,30.5,40.05
Red Pine,CE1033PSP,38.1,23.26,415.9,33.06,38.1,73.86
Red Pine,ACH_APGP,4.8,6.4,2.618,0.4705,4.8,0.2471
Red Pine,LWP1993001PSP,17.7,21.44,63.74,6.853,17.7,8.96
Red Pine,CE2015PSP,21.3,17.9,100.3,10.02,21.3,14.91
Red Pine,ACH_KPGP,17.8,17,64.63,6.933,17.8,9.1
Red Pine,CE1000PSP,21,15.55,96.85,9.734,21.0,14.34
Red Pine,CE2007PSP,3.3,3.1,1.047,0.218,3.3,0.08815
Red Pine,CE1011PSP,14.9,10.36,41.83,4.812,14.9,5.579
Jack Pine,FCABI200418PGP,4,6.52,2.253,0.3245,4.0,0.2249
Jack Pine,FCTEM2003059PGP,22.6,17.5,144.8,11.7,22.6,14.74
Jack Pine,FCBOW12-9A-0PGP,18,17.3,83.76,7.305,18.0,8.506
Jack Pine,KLK1994027PSP,13.3,11.37,40.47,3.904,13.3,4.095
Jack Pine,FCABI200523PGP,31,19.16,309.5,22.51,31.0,31.62
Jack Pine,GGM1994017PSP,32,24.7,334.0,24.04,32.0,34.14
Jack Pine,FCDOM200334PGP,29,24.04,263.6,19.61,29.0,26.92
Jack Pine,FCWEY4S2001059PGP,33.8,24.9,381.0,26.92,33.8,38.97
Jack Pine,FCWEY4S2002009PGP,14.7,10.6,51.48,4.803,14.7,5.215
Jack Pine,FCBOW4-2002-11PGP,5.6,6.28,5.058,0.6513,5.6,0.5068
Jack Pine,FCDOM200436PGP,26.1,20.95,204.6,15.76,26.1,20.87
Jack Pine,FCWEY4S2001040PGP,19.9,14,106.6,8.992,19.9,10.84
Jack Pine,GGM1994002PSP,14.5,18.55,49.81,4.669,14.5,5.046
Jack Pine,1191036PIP,23.3,19.4,155.8,12.46,23.3,15.87
Jack Pine,LSJP1993031PSP,5.7,5.42,5.278,0.6756,5.7,0.529
Jack Pine,LSJP1993002PSP,11.5,8.55,28.53,2.889,11.5,2.882
Jack Pine,FCWEY4S2002024PGP,4,5.5,2.253,0.3245,4.0,0.2249
Jack Pine,FCBOW12-2002-13PGP,7.2,4.71,9.255,1.096,7.2,0.9301
Jack Pine,GGM1994025PSP,35.6,24.72,431.6,29.98,35.6,44.17
Jack Pine,PIK2001004PSP,9.9,12.25,19.9,2.119,9.9,2.007
Jack Pine,FCABI200528PGP,8,12.12,11.92,1.363,8.0,1.2
Jack Pine,FCWEY4S2002053PGP,5.1,4.93,4.039,0.5367,5.1,0.4044
Jack Pine,FCTEM2003070PGP,25.4,14.48,191.7,14.9,25.4,19.54
Jack Pine,WWA1995022PSP,35.4,26.97,425.8,29.63,35.4,43.58
Pitch Pine,SR5023PSP,16.8,10.6,16.8,16.8,16.8,16.8
Pitch Pine,SR5023PSP,23.2,11.1,23.2,23.2,23.2,23.2
Pitch Pine,SR5023PSP,28.4,9.5,28.4,28.4,28.4,28.4
Pitch Pine,SR5023PSP,11.7,8.1,11.7,11.7,11.7,11.7
Pitch Pine,SR5023PSP,3.4,3.47,3.4,3.4,3.4,3.4
Pitch Pine,SR5023PSP,7.4,4.82,7.4,7.4,7.4,7.4
Pitch Pine,SR5023PSP,31.7,13.1,31.7,31.7,31.7,31.7
Pitch Pine,SR5023PSP,9.2,6.71,9.2,9.2,9.2,9.2
Pitch Pine,SR5023PSP,26.3,14.4,26.3,26.3,26.3,26.3
Pitch Pine,SR5023PSP,28.9,14.1,28.9,28.9,28.9,28.9
Pitch Pine,SR5023PSP,18,9.25,18.0,18.0,18.0,18.0
Pitch Pine,SR5023PSP,9.4,8.19,9.4,9.4,9.4,9.4
Pitch Pine,SR5023PSP,26.5,8.98,26.5,26.5,26.5,26.5
Pitch Pine,SR5023PSP,11.2,7.51,11.2,11.2,11.2,11.2
Pitch Pine,SR5023PSP,5.5,8,5.5,5.5,5.5,5.5
Pitch Pine,SR5023PSP,12,7.8,12.0,12.0,12.0,12.0
Pitch Pine,SR5023PSP,20.8,8.8,20.8,20.8,20.8,20.8
Pitch Pine,SR5023PSP,5.6,4.87,5.6,5.6,5.6,5.6
Pitch Pine,SR5023PSP,4.1,5.01,4.1,4.1,4.1,4.1
Pitch Pine,SR5023PSP,6,5,6.0,6.0,6.0,6.0
Pitch Pine,SR5401PSP,50.2,24.7,50.2,50.2,50.2,50.2
Pitch Pine,SR5023PSP,11.7,9.25,11.7,11.7,11.7,11.7
White Spruce,FCTEM2004040PGP,33.7,24.4,310.9,38.14,33.7,42.93
White Spruce,CHA2008002PSP,4.2,3.5,1.451,0.3157,4.2,0.5618
White Spruce,HEA1995002PSP,10.2,9.4,14.28,2.435,10.2,3.564
White Spruce,LSJP1994009PSP,8,5.35,7.635,1.392,8.0,2.149
White Spruce,GGM1994013PSP,27.4,21.36,182.3,23.68,27.4,27.9
White Spruce,FCBOW78-2626-6PGP,9.3,8.91,11.26,1.968,9.3,2.941
White Spruce,FCTEM2001018PGP,4.3,4.26,1.541,0.3333,4.3,0.59
White Spruce,CE7003PSP,3.1,2.6,0.6631,0.1569,3.1,0.2985
White Spruce,FCTEM2004058PGP,24.5,18.12,136.7,18.31,24.5,22.1
White Spruce,FCDOM200435PGP,5.8,4.52,3.333,0.6638,5.8,1.1
White Spruce,CHT2002019PGP,38,23.33,423.6,50.28,38.0,55.13
White Spruce,CHT2002034PGP,45.2,26.57,662.5,74.98,45.2,79.12
White Spruce,1253116PIP,15.2,12.9,39.93,6.1,15.2,8.18
White Spruce,FCTEM2002047PGP,31.7,23.04,265.5,33.13,31.7,37.8
White Spruce,FCTEM2001093PGP,23.2,14.8,118.8,16.15,23.2,19.73
White Spruce,ACH_CPGP,33.5,28.2,306.1,37.62,33.5,42.4
White Spruce,FCTEM2001118PGP,7,5.18,5.412,1.023,7.0,1.628
White Spruce,COC2019001PSP,6.1,4.5,3.796,0.7455,6.1,1.222
White Spruce,CHA1995012PSP,12.1,8.3,22.18,3.608,12.1,5.087
White Spruce,CE0071PSP,38.4,26.5,435.2,51.51,38.4,56.34
White Spruce,FCTEM2003046PGP,15.5,12.9,41.99,6.38,15.5,8.52
White Spruce,FCBUC_LH200706PGP,23.5,10.3,122.8,16.63,23.5,20.27
White Spruce,FCBOW56-021-0PGP,18.7,10.4,68.12,9.829,18.7,12.59
White Spruce,BP1993040PSP,29.2,21.03,214.8,27.42,29.2,31.85
Black Spruce,TBP1992006PSP,7.7,7.6,8.087,1.489,7.7,1.956
Black Spruce,1314886PIP,26.8,20.3,186.1,24.43,26.8,26.31
Black Spruce,FCTEM_KAP2000046PGP,21,16.27,100.8,14.14,21.0,15.83
Black Spruce,LSJP1993012PSP,16.6,11.05,55.81,8.342,16.6,9.697
Black Spruce,FCWEY_KEN2003016PGP,13.6,14.01,33.81,5.335,13.6,6.401
Black Spruce,FCTEM2003074PGP,25.2,22.01,159.4,21.28,25.2,23.14
Black Spruce,LSJP1994003PSP,4.6,5.11,2.214,0.469,4.6,0.6686
Black Spruce,SUD2004003PGP,7.1,5.22,6.594,1.242,7.1,1.652
Black Spruce,GCF1994008PGP,25.4,18.54,162.6,21.66,25.4,23.53
Black Spruce,CHA1995002PSP,5,5.2,2.73,0.5655,5.0,0.7955
Black Spruce,BP1993015PSP,9.2,7.42,12.65,2.22,9.2,2.835
Black Spruce,1170511PIP,8.1,6.3,9.185,1.669,8.1,2.174
Black Spruce,1211956PIP,11.5,10.4,22.17,3.662,11.5,4.513
Black Spruce,1143071PIP,18.8,12,76.32,11.03,18.8,12.57
Black Spruce,1184261PIP,30.3,27,253.5,32.17,30.3,33.98
Black Spruce,FCTEM2002012PGP,27.2,17.64,193.2,25.25,27.2,27.14
Black Spruce,KLK1994043PSP,9.4,8.7,13.35,2.33,9.4,2.964
Black Spruce,FCWEY_KEN2003021PGP,20.4,16.8,93.72,13.25,20.4,14.9
Black Spruce,FCBOW78-003-0PGP,29.8,19.4,243.1,30.99,29.8,32.82
Black Spruce,FCBOW12-167-4PGP,28.2,22.49,211.6,27.38,28.2,29.26
Black Spruce,FCACI_KE200005PGP,13.8,13.85,35.07,5.512,13.8,6.598
Black Spruce,FCBOW56-2006-06PGP,27.2,21.84,193.2,25.25,27.2,27.14
Black Spruce,FCABI200322PGP,22.7,19.1,122.6,16.83,22.7,18.62
Black Spruce,FCWEY4S2001067PGP,3.7,3.64,1.28,0.2878,3.7,0.4247
Red Spruce,HEM_LAWR130PGP,24.1,20,140.6,17.06,24.1,16.79
Red Spruce,NOR2013002PSP,21.5,18.6,108.4,13.44,21.5,11.55
Red Spruce,NOR2013002PSP,39.7,23,439.2,48.44,39.7,86.1
Red Spruce,HEM_LAWR228PGP,40,14,446.8,49.21,40.0,88.25
Red Spruce,HEM_LAWR228PGP,43.4,22.4,538.2,58.36,43.4,115.3
Red Spruce,NOR2013002PSP,23.6,17.3,134.1,16.33,23.6,15.68
Red Spruce,NOR2013002PSP,37.1,19.6,376.3,42.04,37.1,68.97
Red Spruce,NOR2013002PSP,18.7,12.1,78.85,10.04,18.7,7.316
Red Spruce,HEM_PECK614PGP,6.9,5,8.109,1.248,6.9,0.2794
Red Spruce,HEM_CLYD204PGP,47.8,7,670.9,71.41,47.8,158.2
Red Spruce,NOR2013002PSP,26.4,17,173.2,20.64,26.4,22.63
Red Spruce,CE1005PSP,3.6,3.8,1.838,0.3203,3.6,0.03318
Red Spruce,HEM_LAWR130PGP,9.4,7,16.42,2.383,9.4,0.7691
Red Spruce,NOR2013002PSP,14.9,16.4,46.96,6.242,14.9,3.477
Red Spruce,NOR2013002PSP,17.1,16.3,64.29,8.325,17.1,5.458
Red Spruce,NOR2013002PSP,13.1,8.5,35.01,4.769,13.1,2.281
Red Spruce,NOR2013002PSP,21.7,13,110.7,13.7,21.7,11.91
Red Spruce,NOR2013002PSP,29.6,19.1,224.8,26.22,29.6,32.92
Red Spruce,CE1005PSP,3.5,3.43,1.724,0.302,3.5,0.03025
Red Spruce,NOR2013002PSP,25.7,19.6,162.9,19.51,25.7,20.73
Eastern Hemlock,HEM_PENT367PGP,19.4,17,72.34,13.84,19.4,17.94
Eastern Hemlock,HEM_DICK300PGP,27.5,20,166.1,31.19,27.5,39.53
Eastern Hemlock,SR5022PSP,29.3,17.55,193.2,36.16,29.3,45.64
Eastern Hemlock,CE4122PSP,9.9,9.08,14.57,2.891,9.9,3.907
Eastern Hemlock,HEM_DEVI944PGP,44.5,22,522.7,95.66,44.5,117.6
Eastern Hemlock,ARGS060PGP,26.7,17.37,154.8,29.12,26.7,36.98
Eastern Hemlock,HEM_DICK611PGP,3.6,3.6,1.309,0.2743,3.6,0.395
Eastern Hemlock,HEM_DICK604PGP,4.9,8,2.728,0.5622,4.9,0.7943
Eastern Hemlock,HEM_LAWR224PGP,23,16,108.5,20.58,23.0,26.37
Eastern Hemlock,HEM_DICK300PGP,12.3,10,24.43,4.792,12.3,6.389
Eastern Hemlock,ARGS244PGP,36.1,17.98,317.6,58.78,36.1,73.23
Eastern Hemlock,HEM_DICK598PGP,35,17,295.0,54.69,35.0,68.27
Eastern Hemlock,HEM_DICK615PGP,15.7,9,43.7,8.459,15.7,11.11
Eastern Hemlock,ARGS059PGP,35,16.46,295.0,54.69,35.0,68.27
Eastern Hemlock,HEM_CLYD477PGP,3.8,6,1.489,0.3111,3.8,0.4465
Eastern Hemlock,SR5022PSP,6.9,6.32,6.165,1.247,6.9,1.725
Eastern Hemlock,HEM_DICK300PGP,27,17,159.0,29.89,27.0,37.93
Eastern Hemlock,HEM_DICK300PGP,16.1,13.5,46.39,8.969,16.1,11.76
Eastern Hemlock,ARGS021PGP,3,2.89,0.8477,0.1794,3.0,0.2614
Eastern Hemlock,HEM_DICK178PGP,19.5,14,73.23,14.01,19.5,18.15
Eastern Hemlock,HEM_NIGH103PGP,12,7.5,23.04,4.524,12.0,6.041
Eastern Hemlock,HEM_CLYD477PGP,4.2,4,1.889,0.3927,4.2,0.5602
Eastern Hemlock,HEM_BISHA03PGP,21.2,13,89.36,17.02,21.2,21.93
Eastern Hemlock,HEM_PENT367PGP,5,8,2.862,0.5893,5.0,0.8315
Balsam Fir,FCABI200315PGP,27.3,20.3,150.9,27.13,27.3,31.18
Balsam Fir,FCBOW56-031-0PGP,40.6,18.5,391.6,68.89,40.6,85.45
Balsam Fir,FCBOW56-020-0PGP,30.4,19.25,195.4,34.92,30.4,40.97
Balsam Fir,FCTEM2002099PGP,21.4,14.4,84.05,15.31,21.4,16.79
Balsam Fir,COC1994001PSP,8.2,7,8.384,1.61,8.2,1.468
Balsam Fir,CE1027PSP,3,2.9,0.7483,0.1518,3.0,0.1141
Balsam Fir,FCACI200208PGP,19.4,16.6,66.39,12.16,19.4,13.09
Balsam Fir,FCTEM2003027PGP,25.7,19.9,130.5,23.54,25.7,26.74
Balsam Fir,KAP1992001PSP,17,12.91,48.34,8.918,17.0,9.358
Balsam Fir,FCWEY4S2001001PGP,13.6,9.36,28.28,5.281,13.6,5.308
Balsam Fir,CE0068PSP,4.7,4.67,2.201,0.4356,4.7,0.357
Balsam Fir,FCTEM2002067PGP,6.2,5.24,4.282,0.8347,6.2,0.7215
Balsam Fir,BP1993031PSP,11.3,8.95,18.12,3.418,11.3,3.316
Balsam Fir,TIM1999003PSP,6.3,5.51,4.45,0.8667,6.3,0.7515
Balsam Fir,CHA1995027PSP,8.6,8.25,9.4,1.8,8.6,1.657
Balsam Fir,FCNEE_KC2002189PGP,27.6,19.8,154.9,27.83,27.6,32.05
Balsam Fir,FCDOM200318PGP,3.8,4.16,1.321,0.2644,3.8,0.208
Balsam Fir,FCWEY4S2001085PGP,3.5,5.1,1.084,0.218,3.5,0.1688
Balsam Fir,CE3014PSP,10.9,8.38,16.61,3.14,10.9,3.025
Balsam Fir,CE4024PSP,25.2,20.37,124.5,22.48,25.2,25.44
Balsam Fir,BP1993040PSP,15.1,14.19,36.36,6.752,15.1,6.925
Balsam Fir,FCWEY4S2001086PGP,28.7,16.8,170.1,30.51,28.7,35.4
Balsam Fir,COC1994025PSP,26,20.5,134.2,24.19,26.0,27.54
Balsam Fir,1314921PIP,11.3,11,18.12,3.418,11.3,3.316
Eastern White Cedar,1246236PIP,6.3,5.4,6.3,6.3,6.3,6.3
Eastern White Cedar,1246196PIP,7.9,5.9,7.9,7.9,7.9,7.9
Eastern White Cedar,FCTEM2004061PGP,6.4,6.1,6.4,6.4,6.4,6.4
Eastern White Cedar,FCWEY_KEN2005001PGP,33.3,12.68,33.3,33.3,33.3,33.3
Eastern White Cedar,CE3030PSP,37.9,16.2,37.9,37.9,37.9,37.9
Eastern White Cedar,1184326PIP,8.3,5,8.3,8.3,8.3,8.3
Eastern White Cedar,CE4124PSP,21.1,12.8,21.1,21.1,21.1,21.1
Eastern White Cedar,LWP1994013PSP,26.5,10,26.5,26.5,26.5,26.5
Eastern White Cedar,CHT2002039PGP,7.4,4.62,7.4,7.4,7.4,7.4
Eastern White Cedar,CHT2002032PGP,10.4,8.1,10.4,10.4,10.4,10.4
Eastern White Cedar,SR5208PSP,4.2,4.9,4.2,4.2,4.2,4.2
Eastern White Cedar,SR2230PSP,26.1,16.1,26.1,26.1,26.1,26.1
Eastern White Cedar,WWA1999009PSP,21.2,9.97,21.2,21.2,21.2,21.2
Eastern White Cedar,CE1035PSP,21.8,14.8,21.8,21.8,21.8,21.8
Eastern White Cedar,SR5414PSP,9.2,7.95,9.2,9.2,9.2,9.2
Eastern White Cedar,CE1002PSP,30.9,17.84,30.9,30.9,30.9,30.9
Eastern White Cedar,HEA1994001PSP,13.2,7.54,13.2,13.2,13.2,13.2
Eastern White Cedar,WWA1999008PSP,11.2,7.66,11.2,11.2,11.2,11.2
Eastern White Cedar,TIM1999003PSP,43.6,18.4,43.6,43.6,43.6,43.6
Eastern White Cedar,FCTEM2003046PGP,27,13.3,27.0,27.0,27.0,27.0
Eastern White Cedar,FCBOW78-1385-1PGP,10,6.14,10.0,10.0,10.0,10.0
Eastern White Cedar,FECGY610PGP,5.7,6.14,5.7,5.7,5.7,5.7
Eastern White Cedar,FCDOM200444PGP,39.9,17.11,39.9,39.9,39.9,39.9
Eastern White Cedar,SR5208PSP,16.2,10.44,16.2,16.2,16.2,16.2
American Larch,TIM2015001PSP,27.9,21.1,27.9,27.9,27.9,27.9
American Larch,FCBOW56-027-0PGP,2.6,4.72,2.6,2.6,2.6,2.6
American Larch,1239161PIP,11.6,13.5,11.6,11.6,11.6,11.6
American Larch,1184171PIP,16,10.3,16.0,16.0,16.0,16.0
American Larch,FCTEM2002006PGP,6.5,13.5,6.5,6.5,6.5,6.5
American Larch,FCTEM2002103PGP,24.3,16.9,24.3,24.3,24.3,24.3
American Larch,FCBOW12-2003-011PGP,2.8,4.16,2.8,2.8,2.8,2.8
American Larch,1184296PIP,14.2,12.2,14.2,14.2,14.2,14.2
American Larch,FCBOW4-185-1PGP,33.5,17,33.5,33.5,33.5,33.5
American Larch,BP1993016PSP,21.9,18.55,21.9,21.9,21.9,21.9
American Larch,FOR2011001PSP,25.2,19.6,25.2,25.2,25.2,25.2
American Larch,KAP2005002PGP,8.7,8.5,8.7,8.7,8.7,8.7
American Larch,MCR2005003PSP,4.8,5.29,4.8,4.8,4.8,4.8
American Larch,COC1994003PSP,13.2,9.5,13.2,13.2,13.2,13.2
American Larch,COC1994013PSP,28.5,19.2,28.5,28.5,28.5,28.5
American Larch,FCTEM2004002PGP,23.4,20.3,23.4,23.4,23.4,23.4
American Larch,HEA1992004PSP,17.1,14.93,17.1,17.1,17.1,17.1
American Larch,1197991PIP,27.7,20.2,27.7,27.7,27.7,27.7
American Larch,KEN2012001PGP,26.9,22.6,26.9,26.9,26.9,26.9
American Larch,MAN1994009PSP,5.5,7.5,5.5,5.5,5.5,5.5
American Larch,LSJP1993013PSP,37.3,24.96,37.3,37.3,37.3,37.3
American Larch,1294281PIP,2.8,3.5,2.8,2.8,2.8,2.8
American Larch,TIM2015001PSP,25.9,22.7,25.9,25.9,25.9,25.9
American Larch,1129266PIP,3.7,3.4,3.7,3.7,3.7,3.7
Sugar Maple,CE1036PSP,21.5,19,21.5,21.5,21.5,21.5
Sugar Maple,CE0012PSP,2.7,5.18,2.7,2.7,2.7,2.7
Sugar Maple,ARGS061PGP,43.9,23.47,43.9,43.9,43.9,43.9
Sugar Maple,CE4118PSP,10.3,12.4,10.3,10.3,10.3,10.3
Sugar Maple,SR0020PSP,2.6,5.86,2.6,2.6,2.6,2.6
Sugar Maple,LD1501PGP,6.6,6.6,6.6,6.6,6.6,6.6
Sugar Maple,SR2220PSP,3,5.95,3.0,3.0,3.0,3.0
Sugar Maple,HEM_MCLA192PGP,14.2,17,14.2,14.2,14.2,14.2
Sugar Maple,ARGS254PGP,10.9,12.5,10.9,10.9,10.9,10.9
Sugar Maple,SR2222PSP,16.8,15.91,16.8,16.8,16.8,16.8
Sugar Maple,CE7004PSP,2.7,4.97,2.7,2.7,2.7,2.7
Sugar Maple,CE0015PSP,2.5,3.66,2.5,2.5,2.5,2.5
Sugar Maple,ARGS177PGP,61.7,21.95,61.7,61.7,61.7,61.7
Sugar Maple,CE0034PSP,26.3,22.74,26.3,26.3,26.3,26.3
Sugar Maple,HEM_PENT073PGP,11.5,15,11.5,11.5,11.5,11.5
Sugar Maple,SR5210PSP,16.5,21.5,16.5,16.5,16.5,16.5
Sugar Maple,SR5209PSP,26.3,25.4,26.3,26.3,26.3,26.3
Sugar Maple,CE0009PSP,7.5,10.25,7.5,7.5,7.5,7.5
Sugar Maple,SR3005PSP,6.5,10.2,6.5,6.5,6.5,6.5
Sugar Maple,SR5401PSP,25.3,18.5,25.3,25.3,25.3,25.3
Sugar Maple,SR2222PSP,26.1,20.9,26.1,26.1,26.1,26.1
Sugar Maple,SR3010PSP,53.3,27.4,53.3,53.3,53.3,53.3
Sugar Maple,CE3017PSP,42.6,23,42.6,42.6,42.6,42.6
Sugar Maple,ARGS251PGP,11.7,13.41,11.7,11.7,11.7,11.7
Red Maple,CE0026PSP,25,24.7,192.3,24.24,25.0,52.04
Red Maple,1232631PIP,16.6,12.57,73.61,10.31,16.6,18.82
Red Maple,KLK1994037PSP,5.8,8.05,6.254,1.145,5.8,1.38
Red Maple,ARGS064PGP,20.6,19.8,122.1,16.18,20.6,32.17
Red Maple,CE3026PSP,9.6,13.3,20.38,3.282,9.6,4.826
Red Maple,FCACI_FF200401PGP,5.8,5.84,6.254,1.145,5.8,1.38
Red Maple,CE7012PSP,30.3,26.54,301.8,36.23,30.3,83.91
Red Maple,FECGY920PGP,35.1,19.9,426.1,49.26,35.1,120.9
Red Maple,1253146PIP,3.2,4.7,1.551,0.3306,3.2,0.3149
Red Maple,SR1021PSP,28.5,18.9,261.4,31.88,28.5,72.07
Red Maple,CE0060PSP,46.2,20.21,811.5,87.46,46.2,239.3
Red Maple,SR1216PSP,27.1,21.7,232.3,28.69,27.1,63.59
Red Maple,FCDOM200347PGP,13.6,14.63,46.13,6.795,13.6,11.47
Red Maple,CHA1999004PSP,17.4,16.68,82.2,11.37,17.4,21.15
Red Maple,SR0402PSP,32.2,26.5,348.1,41.14,32.2,97.6
Red Maple,SR0208PSP,10.5,14.5,25.15,3.958,10.5,6.03
Red Maple,SR1022PSP,17.6,17.9,84.43,11.65,17.6,21.76
Red Maple,CE2001PSP,7.6,9,11.79,2.015,7.6,2.701
Red Maple,SR2231PSP,44.1,24.5,727.6,79.36,44.1,213.2
Red Maple,CE3009PSP,3.6,6.96,2.044,0.4228,3.6,0.4219
Red Maple,TBP1992024PSP,3.4,6.46,1.788,0.3752,3.4,0.3661
Red Maple,CE1024PSP,14.1,13.65,50.2,7.328,14.1,12.54
Red Maple,CE3035PSP,4.7,6.5,3.819,0.7381,4.7,0.8183
Red Maple,1321801PIP,15.4,12.3,61.74,8.81,15.4,15.62
Silver Maple,SR0201PSP,4.2,8.22,4.732,0.5218,4.2,0.2401
Silver Maple,SR0204PSP,21.4,21,144.6,14.54,21.4,37.51
Silver Maple,SR2231PSP,26.7,20.3,230.1,22.85,26.7,74.51
Silver Maple,SR0008PSP,19.2,16.8,115.1,11.65,19.2,26.79
Silver Maple,SR0204PSP,3.7,5.71,3.626,0.4028,3.7,0.1621
Silver Maple,SR5014PSP,16.3,17.3,81.63,8.335,16.3,16.12
Silver Maple,SR0201PSP,13.4,13.91,54.09,5.585,13.4,8.779
Silver Maple,SR0201PSP,5,8.24,6.825,0.7452,5.0,0.4124
Silver Maple,SR0204PSP,12.7,14.8,48.33,5.005,12.7,7.433
Silver Maple,SR0204PSP,11.6,11.83,39.96,4.16,11.6,5.612
Silver Maple,SR5014PSP,34.3,22.8,389.4,38.12,34.3,162.0
Silver Maple,SR5417PSP,20.5,21.6,132.1,13.32,20.5,32.83
Silver Maple,SR5406PSP,45.5,24,704.8,67.9,45.5,389.3
Silver Maple,SR0201PSP,10.4,12.7,31.77,3.328,10.4,3.999
Silver Maple,SR0213PSP,31.8,25,332.1,32.66,31.8,128.1
Silver Maple,SR5014PSP,41.7,21.8,586.8,56.82,41.7,297.0
Silver Maple,SR0201PSP,4.3,7.84,4.972,0.5475,4.3,0.2583
Silver Maple,SR0016PSP,7.6,12.1,16.44,1.753,7.6,1.512
Silver Maple,SR0201PSP,3,6.28,2.334,0.2624,3.0,0.08456
Silver Maple,SR2231PSP,8.9,12.4,22.91,2.421,8.9,2.467
Silver Maple,SR5406PSP,29.4,27.5,281.7,27.82,29.4,100.5
Silver Maple,SR0213PSP,58,30.5,1173.0,111.5,58.0,826.6
Silver Maple,SR0201PSP,2.5,5.28,1.592,0.1808,2.5,0.04804
Silver Maple,SR5014PSP,55.1,23.1,1054.0,100.4,55.1,705.0
Yellow Birch,LD1201PGP,3.2,4.8,2.374,0.2622,3.2,0.4999
Yellow Birch,ARGS127PGP,8.2,8.2,18.07,2.173,8.2,4.803
Yellow Birch,LD1905PGP,7.5,9.7,14.91,1.778,7.5,3.875
Yellow Birch,ARGS242PGP,23.4,12.8,173.5,22.94,23.4,59.76
Yellow Birch,FCABI200547PGP,17,11.42,87.09,11.19,17.0,27.72
Yellow Birch,BY_MCPGP,8.6,14.3,20.03,2.419,8.6,5.385
Yellow Birch,FCDOM200231PGP,40.9,20.43,578.5,80.47,40.9,228.8
Yellow Birch,CE0003PSP,8.9,9.34,21.56,2.612,8.9,5.848
Yellow Birch,CE4121PSP,44.5,21.2,694.0,97.27,44.5,280.3
Yellow Birch,CE1035PSP,10.6,14.09,31.44,3.87,10.6,8.903
Yellow Birch,CE4121PSP,44.1,26.8,680.6,95.32,44.1,274.3
Yellow Birch,BY_TCPGP,12,14.3,41.09,5.114,12.0,12.0
Yellow Birch,WWA1999008PSP,52.9,17.9,1008.0,143.5,52.9,424.8
Yellow Birch,CE0060PSP,49.5,21.19,873.2,123.6,49.5,362.1
Yellow Birch,ARGS226PGP,17,16.46,87.09,11.19,17.0,27.72
Yellow Birch,CE3015PSP,18.7,15.3,107.0,13.86,18.7,34.86
Yellow Birch,HEM_MCLA147PGP,49.5,16,873.2,123.6,49.5,362.1
Yellow Birch,CE0016PSP,8,9.02,17.13,2.056,8.0,4.526
Yellow Birch,CE4121PSP,10.7,11.03,32.08,3.952,10.7,9.106
Yellow Birch,BY_T2PGP,15.9,13.5,75.39,9.626,15.9,23.6
Yellow Birch,HEM_BRUT051PGP,36.8,19,460.7,63.47,36.8,177.5
Yellow Birch,CE0033PSP,4.6,9.91,5.194,0.5927,4.6,1.196
Yellow Birch,1280636PIP,2.7,4.9,1.646,0.179,2.7,0.3323
Yellow Birch,NBBY012PGP,35.1,21.8,416.0,57.07,35.1,158.4
Paper Birch,FCWEY_KEN2003027PGP,6.3,4.59,6.3,6.3,6.3,6.3
Paper Birch,FCTEM2002041PGP,28,20.43,28.0,28.0,28.0,28.0
Paper Birch,CE0022PSP,29.5,19.1,29.5,29.5,29.5,29.5
Paper Birch,LWP1995051PSP,8.4,12.16,8.4,8.4,8.4,8.4
Paper Birch,BP1994009PSP,21.2,19.6,21.2,21.2,21.2,21.2
Paper Birch,BP1994005PSP,12,12.21,12.0,12.0,12.0,12.0
Paper Birch,1259801PIP,2.6,5.8,2.6,2.6,2.6,2.6
Paper Birch,FCDOM200139PGP,11.7,11.51,11.7,11.7,11.7,11.7
Paper Birch,FCNEE_KC2000145PGP,15.1,13.31,15.1,15.1,15.1,15.1
Paper Birch,CE4134PSP,34.8,21.04,34.8,34.8,34.8,34.8
Paper Birch,FCTEM2003049PGP,27.7,26.51,27.7,27.7,27.7,27.7
Paper Birch,CE1011PSP,2.7,4.49,2.7,2.7,2.7,2.7
Paper Birch,GCF1994006PGP,29.9,18.3,29.9,29.9,29.9,29.9
Paper Birch,FCACI_TB200004PGP,2.9,4.53,2.9,2.9,2.9,2.9
Paper Birch,NBBW101PGP,30.5,18.5,30.5,30.5,30.5,30.5
Paper Birch,FCTEM2003046PGP,11.6,12.1,11.6,11.6,11.6,11.6
Paper Birch,TIM2011005PGP,25.6,19.3,25.6,25.6,25.6,25.6
Paper Birch,FCTEM2003057PGP,31.2,22.4,31.2,31.2,31.2,31.2
Paper Birch,FCBOW4-2002-14PGP,9.5,10.7,9.5,9.5,9.5,9.5
Paper Birch,FCACI_FF200003PGP,12.5,9.1,12.5,12.5,12.5,12.5
Paper Birch,FCPB2007063PGP,13,9,13.0,13.0,13.0,13.0
Paper Birch,FCBOW78-2003-005PGP,13.5,11.3,13.5,13.5,13.5,13.5
Paper Birch,1280446PIP,8.9,9.2,8.9,8.9,8.9,8.9
Paper Birch,FCBOW3-2002-38PGP,2.5,5.6,2.5,2.5,2.5,2.5
Shumard's Oak,SR0201PSP,35.2,20.8,35.2,35.2,35.2,35.2
Shumard's Oak,SR0201PSP,52.9,32,52.9,52.9,52.9,52.9
Shumard's Oak,SR0201PSP,32.5,23.4,32.5,32.5,32.5,32.5
Shumard's Oak,SR0204PSP,34.4,19,34.4,34.4,34.4,34.4
Shumard's Oak,SR0204PSP,36.2,22.5,36.2,36.2,36.2,36.2
Shumard's Oak,FECGY864PGP,5.5,8.27,5.5,5.5,5.5,5.5
Shumard's Oak,SR0201PSP,55.9,31.2,55.9,55.9,55.9,55.9
Shumard's Oak,SR0204PSP,28.1,22.3,28.1,28.1,28.1,28.1
Shumard's Oak,SR0201PSP,53.8,30.2,53.8,53.8,53.8,53.8
White Oak,SR1022PSP,21.6,19.8,99.06,15.04,21.6,35.55
White Oak,SR1018PSP,13.1,13.8,30.84,5.574,13.1,9.584
White Oak,SR5004PSP,49.8,21.3,695.7,78.9,49.8,317.5
White Oak,SR0016PSP,7.1,7.01,7.385,1.653,7.1,1.924
White Oak,SR0019PSP,17.1,17.6,57.43,9.458,17.1,19.27
White Oak,SR0406PSP,35.9,25.8,324.2,41.21,35.9,134.6
White Oak,SR0016PSP,3.6,4.92,1.514,0.4294,3.6,0.3245
White Oak,SR0016PSP,7.5,7.9,8.393,1.843,7.5,2.222
White Oak,SR1024PSP,20.5,21.3,87.69,13.55,20.5,31.0
White Oak,SR5004PSP,3,5.4,0.9893,0.2991,3.0,0.2012
White Oak,SR0019PSP,18,16.8,64.73,10.47,18.0,22.04
White Oak,SR1216PSP,26.3,22.5,156.8,22.22,26.3,59.56
White Oak,SR1216PSP,35,23.9,305.5,39.18,35.0,126.0
White Oak,SR1206PSP,38.6,24.5,383.9,47.59,38.6,162.8
White Oak,SR1216PSP,21.4,18.1,96.93,14.76,21.4,34.69
White Oak,SR0401PSP,27.5,26.9,174.0,24.28,27.5,66.94
White Oak,SR1023PSP,33.3,24.7,272.0,35.5,33.3,110.5
White Oak,SR0019PSP,17.9,16.8,63.9,10.36,17.9,21.72
White Oak,SR4008PSP,20.5,18.8,87.69,13.55,20.5,31.0
White Oak,1273871PIP,7,9.1,7.145,1.607,7.0,1.854
White Oak,SR1216PSP,33.5,21.5,275.8,35.92,33.5,112.3
Northern Red Oak,SR4408PSP,23,15.1,23.0,23.0,23.0,23.0
Northern Red Oak,SR3009PSP,9.6,13,9.6,9.6,9.6,9.6
Northern Red Oak,SR0404PSP,40.2,28.5,40.2,40.2,40.2,40.2
Northern Red Oak,FCDOM200244PGP,21.5,19.9,21.5,21.5,21.5,21.5
Northern Red Oak,SR1017PSP,12.4,13.2,12.4,12.4,12.4,12.4
Northern Red Oak,SR4421PSP,11.7,13.1,11.7,11.7,11.7,11.7
Northern Red Oak,CE5007PSP,9.4,11.9,9.4,9.4,9.4,9.4
Northern Red Oak,NBOR021PGP,34,26.3,34.0,34.0,34.0,34.0
Northern Red Oak,CE2013PSP,3.3,5.25,3.3,3.3,3.3,3.3
Northern Red Oak,SR1001PSP,65.4,30.7,65.4,65.4,65.4,65.4
Northern Red Oak,SR4206PSP,20.9,18,20.9,20.9,20.9,20.9
Northern Red Oak,1280666PIP,3.3,5.7,3.3,3.3,3.3,3.3
Northern Red Oak,SR4218PSP,16.1,17,16.1,16.1,16.1,16.1
Northern Red Oak,CE6102PSP,36.8,26.6,36.8,36.8,36.8,36.8
Northern Red Oak,CE7011PSP,3,5.43,3.0,3.0,3.0,3.0
Northern Red Oak,CE3023PSP,24.6,19.05,24.6,24.6,24.6,24.6
Northern Red Oak,SR1018PSP,25.1,21.5,25.1,25.1,25.1,25.1
Northern Red Oak,SR4404PSP,56.1,30.2,56.1,56.1,56.1,56.1
Northern Red Oak,FCDOM200266PGP,26.6,19.8,26.6,26.6,26.6,26.6
Northern Red Oak,CE6101PSP,22,13.48,22.0,22.0,22.0,22.0
Northern Red Oak,CE3003PSP,5.1,7.9,5.1,5.1,5.1,5.1
Northern Red Oak,SR2011PSP,31.8,20.9,31.8,31.8,31.8,31.8
Northern Red Oak,CE1030PSP,4.4,5.41,4.4,4.4,4.4,4.4
Northern Red Oak,CE1015PSP,3.5,5.2,3.5,3.5,3.5,3.5
Bur Oak,SR0204PSP,9.5,12.4,9.5,9.5,9.5,9.5
Bur Oak,CE3029PSP,4.2,3.8,4.2,4.2,4.2,4.2
Bur Oak,SR5417PSP,52.4,21.8,52.4,52.4,52.4,52.4
Bur Oak,SR0204PSP,9.4,12.2,9.4,9.4,9.4,9.4
Bur Oak,SR0201PSP,38,24.3,38.0,38.0,38.0,38.0
Bur Oak,1328611PIP,13.3,6.2,13.3,13.3,13.3,13.3
Bur Oak,SR0216PSP,43.6,23,43.6,43.6,43.6,43.6
Bur Oak,SR0201PSP,26.5,15.6,26.5,26.5,26.5,26.5
Bur Oak,SR5021PSP,3.8,4.48,3.8,3.8,3.8,3.8
Bur Oak,SR0201PSP,30.4,19.9,30.4,30.4,30.4,30.4
Bur Oak,SR0216PSP,44.8,26.1,44.8,44.8,44.8,44.8
Bur Oak,SR1401PSP,3.4,6.4,3.4,3.4,3.4,3.4
Bur Oak,SR1401PSP,3.7,6.1,3.7,3.7,3.7,3.7
Bur Oak,CE4112PSP,6.1,6.4,6.1,6.1,6.1,6.1
Bur Oak,SR5417PSP,51.2,20.9,51.2,51.2,51.2,51.2
Bur Oak,1328611PIP,19.1,11,19.1,19.1,19.1,19.1
Bur Oak,CE4112PSP,3.9,4.38,3.9,3.9,3.9,3.9
Bur Oak,SR0216PSP,44.5,25.7,44.5,44.5,44.5,44.5
American Beech,CE7010PSP,14.4,16.45,14.4,14.4,14.4,14.4
American Beech,SR4001PSP,37.2,26.5,37.2,37.2,37.2,37.2
American Beech,HEM_LAWR486PGP,12.9,10.7,12.9,12.9,12.9,12.9
American Beech,SR0012PSP,10.5,10.9,10.5,10.5,10.5,10.5
American Beech,SR2206PSP,4.9,7.32,4.9,4.9,4.9,4.9
American Beech,SR0013PSP,16,16.2,16.0,16.0,16.0,16.0
American Beech,SR1001PSP,7.8,14.6,7.8,7.8,7.8,7.8
American Beech,SR1005PSP,12.4,12.7,12.4,12.4,12.4,12.4
American Beech,SR1001PSP,4.8,6.07,4.8,4.8,4.8,4.8
American Beech,ARGS111PGP,26.4,24.38,26.4,26.4,26.4,26.4
American Beech,SR1008PSP,6.1,9.6,6.1,6.1,6.1,6.1
American Beech,LD1203PGP,28.3,20.7,28.3,28.3,28.3,28.3
American Beech,SR2236PSP,4,6.5,4.0,4.0,4.0,4.0
American Beech,ARGS085PGP,15.5,15.54,15.5,15.5,15.5,15.5
American Beech,SR5013PSP,5.4,7.9,5.4,5.4,5.4,5.4
American Beech,SR0215PSP,38.8,25.5,38.8,38.8,38.8,38.8
American Beech,SR1205PSP,35.6,27.5,35.6,35.6,35.6,35.6
American Beech,CE3003PSP,8.8,8.9,8.8,8.8,8.8,8.8
American Beech,HEM_CLYD431PGP,6.7,5.9,6.7,6.7,6.7,6.7
American Beech,SR5013PSP,32.6,21.8,32.6,32.6,32.6,32.6
American Beech,SR5203PSP,30.9,23.4,30.9,30.9,30.9,30.9
American Beech,SR1206PSP,20.9,18.3,20.9,20.9,20.9,20.9
American Beech,SR5203PSP,23.3,20.5,23.3,23.3,23.3,23.3
American Beech,SR1021PSP,35.1,22.7,35.1,35.1,35.1,35.1
Black Ash,1280546PIP,17.7,15.9,80.39,12.59,17.7,13.14
Black Ash,SR0001PSP,25.7,15.5,193.0,27.31,25.7,27.47
Black Ash,LD1506PGP,4.4,6.5,3.056,0.7,4.4,0.8384
Black Ash,FCACI_FF200501PGP,16,14.8,63.41,10.21,16.0,10.76
Black Ash,CE3030PSP,31.3,20.9,306.7,41.12,31.3,40.56
Black Ash,THU2010001PGP,21.2,15.69,122.8,18.32,21.2,18.77
Black Ash,FCBOW56-2005-12PGP,37.6,15.99,471.9,60.18,37.6,58.29
Black Ash,1287331PIP,7.7,8.8,11.38,2.237,7.7,2.535
Black Ash,FCABI200605PGP,39.4,22.19,526.7,66.32,39.4,63.93
Black Ash,CE3028PSP,9.4,11.8,18.18,3.385,9.4,3.761
Black Ash,SR5021PSP,3.9,7.45,2.302,0.5449,3.9,0.6605
Black Ash,FCBOW56-2005-11PGP,24.6,14.51,174.2,24.94,24.6,25.19
Black Ash,TIM2004009PGP,28.4,19.4,244.1,33.61,28.4,33.47
Black Ash,SR0217PSP,4.1,5.9,2.589,0.6045,4.1,0.7291
Black Ash,TIM1999003PSP,40,20.94,545.7,68.43,40.0,65.87
Black Ash,FCDOM200510PGP,10.7,9.67,24.64,4.429,10.7,4.858
Black Ash,KLK2010001PGP,55.1,26.3,1158.0,133.0,55.1,124.1
Black Ash,SR5014PSP,3,5,1.243,0.316,3.0,0.3932
Black Ash,CE3028PSP,31.1,26.7,302.2,40.58,31.1,40.05
Black Ash,FOR2010004PSP,9.7,9.97,19.57,3.613,9.7,4.002
Black Ash,SR5021PSP,3.3,7.65,1.555,0.3852,3.3,0.4747
Black Ash,SR5414PSP,17.6,14.7,79.33,12.45,17.6,13.0
Black Ash,FCBUC_LH200704PGP,16.4,9.5,67.2,10.75,16.4,11.3
Black Ash,CHA1999005PSP,20.1,19.6,108.4,16.4,20.1,16.9
White Ash,SR1004PSP,33.7,27.1,379.6,45.24,33.7,117.2
White Ash,SR2013PSP,27.1,27,236.7,29.29,27.1,72.1
White Ash,SR1022PSP,6.1,10.5,9.358,1.496,6.1,2.596
White Ash,SR0003PSP,8.9,14.22,21.21,3.178,8.9,6.025
White Ash,SR2205PSP,7.5,10.6,14.64,2.259,7.5,4.114
White Ash,SR5007PSP,2.9,4.8,1.869,0.3395,2.9,0.4948
White Ash,CE7005PSP,15.2,15.4,67.64,9.243,15.2,19.87
White Ash,SR4406PSP,11.3,13.8,35.58,5.117,11.3,10.26
White Ash,SR1201PSP,36.8,26.9,459.4,53.92,36.8,142.6
White Ash,SR1202PSP,3.7,8.2,3.168,0.5519,3.7,0.8517
White Ash,CE7007PSP,9.5,10.35,24.43,3.62,9.5,6.969
White Ash,SR4002PSP,23.6,19,175.5,22.23,23.6,52.97
White Ash,SR5207PSP,14.1,20.5,57.48,7.957,14.1,16.8
White Ash,SR1201PSP,25.6,21.4,209.3,26.15,25.6,63.51
White Ash,SR5404PSP,27.2,21.8,238.6,29.51,27.2,72.69
White Ash,SR1213PSP,4.9,7.1,5.822,0.9665,4.9,1.593
White Ash,SR5401PSP,13.1,16.5,49.01,6.871,13.1,14.26
White Ash,SR1024PSP,4.5,6.4,4.841,0.8155,4.5,1.318
White Ash,SR1219PSP,26.7,25,229.2,28.43,26.7,69.75
White Ash,SR5008PSP,22.2,22,153.7,19.68,22.2,46.22
White Ash,SR0022PSP,30,29.8,295.1,35.88,30.0,90.44
White Ash,SR0001PSP,38.3,29.1,500.9,58.39,38.3,155.9
White Ash,SR5002PSP,14.9,18.8,64.78,8.883,14.9,19.0
White Ash,SR4219PSP,16.8,22.8,84.02,11.29,16.8,24.83
Green Ash,SR5020PSP,10.3,14.3,10.3,10.3,10.3,10.3
Green Ash,SR0217PSP,26.1,20.3,26.1,26.1,26.1,26.1
Green Ash,SR0210PSP,3.6,7.8,3.6,3.6,3.6,3.6
Green Ash,SR5414PSP,16.3,13.2,16.3,16.3,16.3,16.3
Green Ash,SR0211PSP,10.9,12.3,10.9,10.9,10.9,10.9
Green Ash,SR5020PSP,5.9,10.9,5.9,5.9,5.9,5.9
Green Ash,SR0204PSP,5.3,9.18,5.3,5.3,5.3,5.3
Green Ash,SR0407PSP,11.2,20.4,11.2,11.2,11.2,11.2
Green Ash,SR2231PSP,32.4,24.1,32.4,32.4,32.4,32.4
Green Ash,SR4426PSP,2.5,5.32,2.5,2.5,2.5,2.5
Green Ash,SR0201PSP,12.5,14.23,12.5,12.5,12.5,12.5
Green Ash,SR3025PSP,3.2,6.39,3.2,3.2,3.2,3.2
Green Ash,SR0210PSP,3.4,6.2,3.4,3.4,3.4,3.4
Green Ash,SR5416PSP,42.2,20.5,42.2,42.2,42.2,42.2
Green Ash,SR5416PSP,34.4,27.5,34.4,34.4,34.4,34.4
Green Ash,SR5408PSP,16.2,19.7,16.2,16.2,16.2,16.2
Green Ash,SR5416PSP,28.6,24.3,28.6,28.6,28.6,28.6
Green Ash,SR5416PSP,46,24.2,46.0,46.0,46.0,46.0
Green Ash,SR5021PSP,19.3,22.3,19.3,19.3,19.3,19.3
Green Ash,SR5004PSP,5.7,10.2,5.7,5.7,5.7,5.7
Green Ash,SR0208PSP,29.3,27.4,29.3,29.3,29.3,29.3
Green Ash,SR5014PSP,31.2,22.7,31.2,31.2,31.2,31.2
Green Ash,SR5413PSP,19.7,18,19.7,19.7,19.7,19.7
Green Ash,SR5407PSP,4,7.75,4.0,4.0,4.0,4.0
American Elm,SR0205PSP,7.2,9.47,7.2,7.2,7.2,7.2
American Elm,SR0213PSP,6.8,9.34,6.8,6.8,6.8,6.8
American Elm,SR0201PSP,15.3,14.6,15.3,15.3,15.3,15.3
American Elm,SR0206PSP,52.7,27.8,52.7,52.7,52.7,52.7
American Elm,CE6205PSP,15.1,17.9,15.1,15.1,15.1,15.1
American Elm,SR0206PSP,51.5,26.5,51.5,51.5,51.5,51.5
American Elm,SR2203PSP,26.5,14.5,26.5,26.5,26.5,26.5
American Elm,SR4008PSP,28.8,19.2,28.8,28.8,28.8,28.8
American Elm,SR5021PSP,7.3,8.38,7.3,7.3,7.3,7.3
American Elm,SR0207PSP,25,20,25.0,25.0,25.0,25.0
American Elm,SR0205PSP,6.1,8.05,6.1,6.1,6.1,6.1
American Elm,SR0206PSP,39.9,22,39.9,39.9,39.9,39.9
American Elm,SR5007PSP,13.9,16,13.9,13.9,13.9,13.9
American Elm,SR0204PSP,42.4,25.5,42.4,42.4,42.4,42.4
American Elm,SR0008PSP,7.9,7.5,7.9,7.9,7.9,7.9
American Elm,CE3030PSP,14.5,17.6,14.5,14.5,14.5,14.5
American Elm,SR0016PSP,2.9,5.62,2.9,2.9,2.9,2.9
American Elm,SR2230PSP,5.1,6.33,5.1,5.1,5.1,5.1
American Elm,SR4212PSP,7.8,13,7.8,7.8,7.8,7.8
American Elm,SR0016PSP,11.2,13.1,11.2,11.2,11.2,11.2
American Elm,CE6205PSP,11.1,14.4,11.1,11.1,11.1,11.1
American Elm,CE3030PSP,10.4,12.5,10.4,10.4,10.4,10.4
American Elm,SR0214PSP,30.6,20,30.6,30.6,30.6,30.6
American Elm,LD0501PGP,23.2,19.3,23.2,23.2,23.2,23.2
American Basswood,SR2013PSP,30,25.3,30.0,30.0,30.0,30.0
American Basswood,SR0016PSP,5.2,8.54,5.2,5.2,5.2,5.2
American Basswood,SR5021PSP,23.7,22.7,23.7,23.7,23.7,23.7
American Basswood,LD0803PGP,15.5,15.1,15.5,15.5,15.5,15.5
American Basswood,CE7006PSP,11,12.4,11.0,11.0,11.0,11.0
American Basswood,SR4408PSP,3.4,4.7,3.4,3.4,3.4,3.4
American Basswood,CE4117PSP,32.5,19.86,32.5,32.5,32.5,32.5
American Basswood,ARGS266PGP,16.3,18.29,16.3,16.3,16.3,16.3
American Basswood,SR1003PSP,57.4,29.7,57.4,57.4,57.4,57.4
American Basswood,SR1201PSP,28.9,21,28.9,28.9,28.9,28.9
American Basswood,CE7000PSP,7.7,7.85,7.7,7.7,7.7,7.7
American Basswood,ARGS142PGP,32.3,24.99,32.3,32.3,32.3,32.3
American Basswood,SR4219PSP,12.1,14.6,12.1,12.1,12.1,12.1
American Basswood,SR4411PSP,3.1,4.44,3.1,3.1,3.1,3.1
American Basswood,ARGS003PGP,21.3,17.37,21.3,21.3,21.3,21.3
American Basswood,SR1023PSP,9.4,11.9,9.4,9.4,9.4,9.4
American Basswood,SR5201PSP,45.9,29.5,45.9,45.9,45.9,45.9
American Basswood,SR1204PSP,14.2,12.34,14.2,14.2,14.2,14.2
American Basswood,SR5206PSP,13.9,13.1,13.9,13.9,13.9,13.9
American Basswood,SR5213PSP,3.8,6.05,3.8,3.8,3.8,3.8
American Basswood,SR3012PSP,29.9,26.7,29.9,29.9,29.9,29.9
American Basswood,SR0217PSP,9.1,8.95,9.1,9.1,9.1,9.1
American Basswood,SR2014PSP,3.9,5.11,3.9,3.9,3.9,3.9
American Basswood,ARGS012PGP,39.9,27.43,39.9,39.9,39.9,39.9
Black Walnut,SR0206PSP,12.6,15.6,12.6,12.6,12.6,12.6
Black Walnut,SR0216PSP,9.7,13.9,9.7,9.7,9.7,9.7
Black Walnut,CE6204PSP,3.8,6.1,3.8,3.8,3.8,3.8
Black Walnut,SR0207PSP,28,15.5,28.0,28.0,28.0,28.0
Black Walnut,SR0216PSP,9.8,14.3,9.8,9.8,9.8,9.8
Black Walnut,SR0206PSP,23.7,20.3,23.7,23.7,23.7,23.7
Black Walnut,SR0206PSP,19.2,17.8,19.2,19.2,19.2,19.2
Black Walnut,SR0210PSP,5,8.02,5.0,5.0,5.0,5.0
Black Walnut,SR0207PSP,21.4,15.5,21.4,21.4,21.4,21.4
Black Walnut,SR0215PSP,20.1,20.2,20.1,20.1,20.1,20.1
Black Walnut,SR0206PSP,21.2,18.5,21.2,21.2,21.2,21.2
Black Walnut,SR0210PSP,5.3,8.5,5.3,5.3,5.3,5.3
Butternut,SR0206PSP,37.9,26.9,37.9,37.9,37.9,37.9
Butternut,SR4204PSP,5.5,5.74,5.5,5.5,5.5,5.5
Butternut,SR1001PSP,2.5,5.65,2.5,2.5,2.5,2.5
Butternut,SR2211PSP,22,20.5,22.0,22.0,22.0,22.0
Butternut,SR0205PSP,5.2,8.83,5.2,5.2,5.2,5.2
Butternut,SR2209PSP,24.2,17.4,24.2,24.2,24.2,24.2
Butternut,SR5404PSP,28.1,21.9,28.1,28.1,28.1,28.1
Butternut,SR5408PSP,8.8,12,8.8,8.8,8.8,8.8
Butternut,SR4011PSP,14.4,19.1,14.4,14.4,14.4,14.4
Butternut,SR3009PSP,22.2,19.7,22.2,22.2,22.2,22.2
Butternut,SR5408PSP,9.5,13.6,9.5,9.5,9.5,9.5
Butternut,SR4012PSP,11.1,8.02,11.1,11.1,11.1,11.1
Butternut,SR2209PSP,18.4,16,18.4,18.4,18.4,18.4
Butternut,SR5408PSP,32.6,22.6,32.6,32.6,32.6,32.6
Butternut,SR0206PSP,34.1,25,34.1,34.1,34.1,34.1
Butternut,SR4204PSP,4.5,5.63,4.5,4.5,4.5,4.5
Butternut,SR2222PSP,26.4,20.4,26.4,26.4,26.4,26.4
Butternut,SR2014PSP,41.9,24.7,41.9,41.9,41.9,41.9
Butternut,SR5408PSP,5.5,8.06,5.5,5.5,5.5,5.5
Butternut,SR0205PSP,10.2,12,10.2,10.2,10.2,10.2
Butternut,SR5408PSP,16.2,14.4,16.2,16.2,16.2,16.2
Butternut,SR4204PSP,2.9,3.92,2.9,2.9,2.9,2.9
Butternut,SR4208PSP,66.7,28.8,66.7,66.7,66.7,66.7
Ironwood,SR4426PSP,11,11.4,11.0,11.0,11.0,11.0
Ironwood,ARGS061PGP,9.4,12.8,9.4,9.4,9.4,9.4
Ironwood,SR1401PSP,29.6,16.5,29.6,29.6,29.6,29.6
Ironwood,1273811PIP,6,6.2,6.0,6.0,6.0,6.0
Ironwood,ARGS053PGP,28.7,20.73,28.7,28.7,28.7,28.7
Ironwood,CE4117PSP,9.5,10.3,9.5,9.5,9.5,9.5
Ironwood,SR1401PSP,32.1,20.9,32.1,32.1,32.1,32.1
Ironwood,CE4116PSP,25,20.5,25.0,25.0,25.0,25.0
Ironwood,ARGS168PGP,11.2,14.33,11.2,11.2,11.2,11.2
Ironwood,SR5211PSP,10.7,12,10.7,10.7,10.7,10.7
Ironwood,SR2232PSP,8,11.7,8.0,8.0,8.0,8.0
Ironwood,SR1401PSP,11.1,15.24,11.1,11.1,11.1,11.1
Ironwood,ARGS131PGP,27.9,22.25,27.9,27.9,27.9,27.9
Ironwood,SR5211PSP,38.6,18.84,38.6,38.6,38.6,38.6
Ironwood,SR1001PSP,6.5,10.2,6.5,6.5,6.5,6.5
Ironwood,SR0216PSP,6.7,10.1,6.7,6.7,6.7,6.7
Ironwood,CE4000PSP,4.6,5.3,4.6,4.6,4.6,4.6
Ironwood,ARGS075PGP,10.7,11.28,10.7,10.7,10.7,10.7
Ironwood,SR5415PSP,4.1,7.94,4.1,4.1,4.1,4.1
Ironwood,ARGS131PGP,29.2,17.07,29.2,29.2,29.2,29.2
Ironwood,SR3009PSP,11.5,13.4,11.5,11.5,11.5,11.5
Ironwood,ARGS041PGP,10.9,12.8,10.9,10.9,10.9,10.9
Ironwood,CE4010PSP,10.1,12.3,10.1,10.1,10.1,10.1
Ironwood,ARGS131PGP,27.9,16.46,27.9,27.9,27.9,27.9
Black Cherry,CE3015PSP,19.5,15.5,119.3,15.94,19.5,31.21
Black Cherry,LD1605PGP,31.1,24.4,295.2,37.59,31.1,79.76
Black Cherry,LD1501PGP,20,19.1,125.3,16.7,20.0,32.84
Black Cherry,SR4401PSP,4.1,4.9,5.786,0.9078,4.1,1.358
Black Cherry,SR1003PSP,28.2,20,244.1,31.4,28.2,65.52
Black Cherry,SR0021PSP,6.8,6.17,15.44,2.3,6.8,3.754
Black Cherry,SR1401PSP,24.8,24.4,190.2,24.8,24.8,50.6
Black Cherry,NBCB021PGP,16.2,12.1,83.25,11.34,16.2,21.5
Black Cherry,SR2207PSP,6.9,7.4,15.89,2.363,6.9,3.866
Black Cherry,BY_T1CTPGP,16.4,12.6,85.26,11.6,16.4,22.04
Black Cherry,LD0904PGP,2.8,5.2,2.76,0.4504,2.8,0.6307
Black Cherry,SR5024PSP,34.6,22.9,363.0,45.73,34.6,98.84
Black Cherry,SR5408PSP,11.1,13.2,39.97,5.661,11.1,10.05
Black Cherry,SR0015PSP,41.9,27.2,526.4,65.01,41.9,145.2
Black Cherry,FECGY724PGP,31.9,21,310.1,39.39,31.9,83.94
Black Cherry,LD2502PGP,3.4,7.9,4.024,0.6435,3.4,0.9318
Black Cherry,SR4202PSP,3.2,3.85,3.577,0.5757,3.2,0.8249
Black Cherry,SR5002PSP,19.6,14.3,120.5,16.09,19.6,31.53
Black Cherry,SR4202PSP,3,3.9,3.156,0.5113,3.0,0.7246
Black Cherry,SR4205PSP,3.6,5.76,4.496,0.7148,3.6,1.045
Black Cherry,CE4011PSP,26.8,21.15,221.1,28.6,26.8,59.14
Black Cherry,SR1208PSP,46.5,28,644.3,78.73,46.5,179.1
Black Cherry,SR5020PSP,11.6,15.3,43.54,6.138,11.6,10.98
Black Cherry,CE4017PSP,29.5,22.55,266.4,34.12,29.5,71.73
Tulip Tree,SR1210PSP,36.3,23.5,36.3,36.3,36.3,36.3
Tulip Tree,SR0209PSP,24.4,28.9,24.4,24.4,24.4,24.4
Tulip Tree,SR0205PSP,9.2,13.7,9.2,9.2,9.2,9.2
Tulip Tree,SR0012PSP,60.3,25.9,60.3,60.3,60.3,60.3
Tulip Tree,SR0209PSP,17.6,22,17.6,17.6,17.6,17.6
Tulip Tree,SR0212PSP,22.3,16,22.3,22.3,22.3,22.3
Tulip Tree,SR0209PSP,68.4,32.5,68.4,68.4,68.4,68.4
Tulip Tree,SR0212PSP,6.9,9.88,6.9,6.9,6.9,6.9
Tulip Tree,SR0209PSP,23.1,23.5,23.1,23.1,23.1,23.1
Tulip Tree,SR0205PSP,8.8,12.8,8.8,8.8,8.8,8.8
Tulip Tree,SR0209PSP,19.1,23.2,19.1,19.1,19.1,19.1
Tulip Tree,SR0407PSP,31.6,25.1,31.6,31.6,31.6,31.6
Tulip Tree,SR0205PSP,19.6,13.5,19.6,19.6,19.6,19.6
Tulip Tree,SR0205PSP,4.6,8.5,4.6,4.6,4.6,4.6
Tulip Tree,SR0209PSP,39.2,26.5,39.2,39.2,39.2,39.2
Tulip Tree,SR0404PSP,45.5,30.8,45.5,45.5,45.5,45.5
Tulip Tree,SR0205PSP,3.5,5.23,3.5,3.5,3.5,3.5
Tulip Tree,SR0205PSP,10.3,12.2,10.3,10.3,10.3,10.3
Tulip Tree,SR0212PSP,9.3,11.2,9.3,9.3,9.3,9.3
Tulip Tree,SR0205PSP,24.1,19.4,24.1,24.1,24.1,24.1
Tulip Tree,SR0209PSP,29.6,26,29.6,29.6,29.6,29.6
Tulip Tree,SR0212PSP,9.3,11.3,9.3,9.3,9.3,9.3
Tulip Tree,SR0212PSP,7.8,9.3,7.8,7.8,7.8,7.8
Tulip Tree,SR0407PSP,55.5,32.6,55.5,55.5,55.5,55.5
Common Hackberry,SR0206PSP,25.7,18.5,25.7,25.7,25.7,25.7
Common Hackberry,SR0208PSP,6.6,8,6.6,6.6,6.6,6.6
Common Hackberry,SR0208PSP,11.7,15.1,11.7,11.7,11.7,11.7
Common Hackberry,SR0208PSP,6.9,3.63,6.9,6.9,6.9,6.9
Common Hackberry,SR0208PSP,15.1,15,15.1,15.1,15.1,15.1
Common Hackberry,SR0208PSP,14.7,13.3,14.7,14.7,14.7,14.7
Common Hackberry,SR0208PSP,6.6,9.7,6.6,6.6,6.6,6.6
Common Hackberry,SR0208PSP,4,6.4,4.0,4.0,4.0,4.0
Common Hackberry,SR0206PSP,26.5,21.5,26.5,26.5,26.5,26.5
Common Hackberry,SR0208PSP,3.2,2.12,3.2,3.2,3.2,3.2
Common Hackberry,SR0208PSP,5.7,7.77,5.7,5.7,5.7,5.7
Common Hackberry,SR0208PSP,7.7,7.92,7.7,7.7,7.7,7.7
Common Hackberry,SR0208PSP,13.7,13.9,13.7,13.7,13.7,13.7
Common Hackberry,SR0208PSP,6.2,8.14,6.2,6.2,6.2,6.2
Common Hackberry,SR0208PSP,13.4,12.5,13.4,13.4,13.4,13.4
Common Hackberry,SR0208PSP,11.2,13.5,11.2,11.2,11.2,11.2
Large-tooth Aspen,SR2011PSP,40.6,23.9,40.6,40.6,40.6,40.6
Large-tooth Aspen,CE2001PSP,6.8,9.3,6.8,6.8,6.8,6.8
Large-tooth Aspen,CE3026PSP,41.8,27.4,41.8,41.8,41.8,41.8
Large-tooth Aspen,LWP1994009PSP,5.7,8.67,5.7,5.7,5.7,5.7
Large-tooth Aspen,LWP1999024PSP,5.3,6.21,5.3,5.3,5.3,5.3
Large-tooth Aspen,NOR2016001PSP,27.6,27.7,27.6,27.6,27.6,27.6
Large-tooth Aspen,CE7026PSP,14.6,19.1,14.6,14.6,14.6,14.6
Large-tooth Aspen,CE1013PSP,18.6,25.15,18.6,18.6,18.6,18.6
Large-tooth Aspen,FCDOM200239PGP,9.7,10.3,9.7,9.7,9.7,9.7
Large-tooth Aspen,CE7018PSP,6.3,9.2,6.3,6.3,6.3,6.3
Large-tooth Aspen,FCBOW56-036-0PGP,35.7,19,35.7,35.7,35.7,35.7
Large-tooth Aspen,SR4421PSP,16.7,15.2,16.7,16.7,16.7,16.7
Large-tooth Aspen,FCBOW56-036-0PGP,5.4,5.5,5.4,5.4,5.4,5.4
Large-tooth Aspen,LWP1994009PSP,11.3,16,11.3,11.3,11.3,11.3
Large-tooth Aspen,CE3033PSP,24.4,23.6,24.4,24.4,24.4,24.4
Large-tooth Aspen,CE0042PSP,28.8,14.9,28.8,28.8,28.8,28.8
Large-tooth Aspen,CE7026PSP,23.1,25.68,23.1,23.1,23.1,23.1
Large-tooth Aspen,1287546PIP,5.6,10.3,5.6,5.6,5.6,5.6
Large-tooth Aspen,CE7012PSP,34.9,28.05,34.9,34.9,34.9,34.9
Large-tooth Aspen,CE3004PSP,7.8,11.2,7.8,7.8,7.8,7.8
Large-tooth Aspen,SR4421PSP,20.5,14.8,20.5,20.5,20.5,20.5
Large-tooth Aspen,SR1201PSP,12.3,15.9,12.3,12.3,12.3,12.3
Large-tooth Aspen,SR5009PSP,26.5,25.2,26.5,26.5,26.5,26.5
Large-tooth Aspen,CE5006PSP,50.4,26.3,50.4,50.4,50.4,50.4
Carolina Poplar,LD2902PGP,3.4,7,3.4,3.4,3.4,3.4
Carolina Poplar,LD2902PGP,3.4,7.1,3.4,3.4,3.4,3.4
Balsam Poplar,FCTEM2003007PGP,36.6,18.7,348.8,59.78,36.6,72.0
Balsam Poplar,KLK1994013PSP,33.2,22.98,274.6,48.65,33.2,56.89
Balsam Poplar,KAP1992001PGP,33.1,21.77,272.6,48.34,33.1,56.47
Balsam Poplar,HEA1993008PSP,9.6,7.93,13.09,3.535,9.6,2.837
Balsam Poplar,FCNEE_KC2000147PGP,3.2,4.95,0.8844,0.3469,3.2,0.1995
Balsam Poplar,KAP1992001PGP,24.3,22.36,127.7,25.16,24.3,26.76
Balsam Poplar,FCTEM2002095PGP,6,7.8,4.133,1.309,6.0,0.9111
Balsam Poplar,FCDOM200509PGP,15.9,13,45.13,10.27,15.9,9.602
Balsam Poplar,FCTEM_KAP2000036PGP,2.5,3.69,0.4827,0.2059,2.5,0.1099
Balsam Poplar,FCTEM_KAP2000043PGP,10.5,11.41,16.31,4.272,10.5,3.523
Balsam Poplar,KLK1994013PSP,3.6,4.62,1.181,0.4449,3.6,0.2651
Balsam Poplar,1232416PIP,19.5,14,74.46,15.8,19.5,15.72
Balsam Poplar,CHT2005003PGP,37.5,19.7,370.3,62.93,37.5,76.35
Balsam Poplar,COC2019002PSP,19.2,16.2,71.68,15.29,19.2,15.15
Balsam Poplar,1197961PIP,2.6,4.2,0.5314,0.2237,2.6,0.1208
Balsam Poplar,FCTEM2001096PGP,46.8,21.3,637.6,100.5,46.8,130.4
Balsam Poplar,FCABI200238PGP,34.9,22.66,310.4,54.06,34.9,64.18
Balsam Poplar,COC1994016PSP,38.4,23.74,392.4,66.16,38.4,80.86
Balsam Poplar,CHT2002002PGP,35.1,21.7,314.8,54.72,35.1,65.08
Balsam Poplar,MAN1995001PSP,17,17.4,53.18,11.83,17.0,11.29
Balsam Poplar,FCTEM2002078PGP,11.4,13.4,19.96,5.083,11.4,4.297
Balsam Poplar,1321811PIP,4.1,4.5,1.624,0.5856,4.1,0.3631
Balsam Poplar,1294231PIP,3.6,5.3,1.181,0.4449,3.6,0.2651
Balsam Poplar,FCTEM2003031PGP,24.6,20.05,131.6,25.82,24.6,27.57
Trembling Aspen,NP1996002PSP,22.8,21.3,138.9,30.02,22.8,21.23
Trembling Aspen,MAN1994007PSP,9.1,15.05,14.3,3.327,9.1,2.095
Trembling Aspen,FCWEY4S2002017PGP,12.6,13.2,32.0,7.254,12.6,4.76
Trembling Aspen,FCDOM200304PGP,5.6,7.34,4.301,1.04,5.6,0.616
Trembling Aspen,FCBOW3-15A-0PGP,31,22.28,297.1,62.66,31.0,46.07
Trembling Aspen,MAN1994007PSP,9.8,16.35,17.18,3.974,9.8,2.526
Trembling Aspen,FCDOM200339PGP,18.5,17.6,82.8,18.2,18.5,12.54
Trembling Aspen,FCACI_TB200409PGP,45.5,25.7,768.0,157.1,45.5,121.2
Trembling Aspen,FCDOM200322PGP,29.8,22,269.4,57.0,29.8,41.7
Trembling Aspen,NP1993007PSP,19.2,19.93,90.77,19.89,19.2,13.77
Trembling Aspen,FCWEY4S2001062PGP,5.1,5.96,3.412,0.8315,5.1,0.4866
Trembling Aspen,FCWEY4S2004018PGP,15.9,18.12,56.91,12.66,15.9,8.556
Trembling Aspen,SG1999003PSP,23.2,22.87,145.0,31.3,23.2,22.18
Trembling Aspen,FCNEE_KC2000140PGP,8.8,11.09,13.16,3.071,8.8,1.925
Trembling Aspen,FCTEM2003002PGP,42,19.61,629.9,129.7,42.0,99.07
Trembling Aspen,FCBOW4-2002-18PGP,26.1,19.4,194.1,41.5,26.1,29.85
Trembling Aspen,1205026PIP,3.3,6.3,1.162,0.2932,3.3,0.1624
Trembling Aspen,LSJP1994042PSP,8.8,13.33,13.16,3.071,8.8,1.925
Trembling Aspen,TBP1995050PSP,11.4,16.42,24.98,5.708,11.4,3.698
Trembling Aspen,KLK2000001PGP,35.9,25.5,427.2,89.04,35.9,66.7
Trembling Aspen,TBP1992010PSP,25.4,19.5,181.4,38.88,25.4,27.88
Trembling Aspen,CHA1995022PSP,13,17.61,34.58,7.818,13.0,5.15
Trembling Aspen,WF2001017PGP,27.6,22.5,222.8,47.44,27.6,34.37
Trembling Aspen,CE2018PSP,9.4,13.9,15.5,3.596,9.4,2.274
Populus species,SR0401PSP,37.2,24.9,37.2,37.2,37.2,37.2
Populus species,ACH_NPGP,23.4,17.7,23.4,23.4,23.4,23.4
Populus species,ACH_NPGP,25.4,19.5,25.4,25.4,25.4,25.4
Populus species,ARGS025PGP,27.2,23.16,27.2,27.2,27.2,27.2
Populus species,ARGS025PGP,29.2,24.08,29.2,29.2,29.2,29.2
Populus species,SR0401PSP,21.5,20.9,21.5,21.5,21.5,21.5
Populus species,ARGS058PGP,25.9,19.81,25.9,25.9,25.9,25.9
Populus species,SR0401PSP,36.3,21.8,36.3,36.3,36.3,36.3
Populus species,ACH_NPGP,19.3,15.2,19.3,19.3,19.3,19.3
Populus species,SR0401PSP,21.2,23.5,21.2,21.2,21.2,21.2
Populus species,ACH_IPGP,21.3,25,21.3,21.3,21.3,21.3
Populus species,ACH_NPGP,24.4,22.7,24.4,24.4,24.4,24.4
Populus species,ARGS058PGP,28.4,22.25,28.4,28.4,28.4,28.4
Populus species,ACH_IPGP,20.8,22.6,20.8,20.8,20.8,20.8
Populus species,ACH_IPGP,22.9,17.4,22.9,22.9,22.9,22.9
Sassafras,SR1208PSP,32.4,28.6,32.4,32.4,32.4,32.4
Sassafras,SR1004PSP,28.5,22.3,28.5,28.5,28.5,28.5
Sassafras,SR0205PSP,43.6,19,43.6,43.6,43.6,43.6
Sassafras,SR0217PSP,19.3,14.5,19.3,19.3,19.3,19.3
Sassafras,SR0205PSP,5.8,8.19,5.8,5.8,5.8,5.8
Sassafras,SR1004PSP,24,20.8,24.0,24.0,24.0,24.0
Sassafras,SR0205PSP,7.7,10.9,7.7,7.7,7.7,7.7
Sassafras,SR1004PSP,24.9,24,24.9,24.9,24.9,24.9
Sassafras,SR0206PSP,5.5,6.32,5.5,5.5,5.5,5.5
Sassafras,SR1208PSP,31.1,29.5,31.1,31.1,31.1,31.1
Sassafras,SR0206PSP,6,6.8,6.0,6.0,6.0,6.0
Sassafras,SR0205PSP,3.9,6.55,3.9,3.9,3.9,3.9
Sassafras,SR0404PSP,29.1,23.5,29.1,29.1,29.1,29.1
Sassafras,SR0206PSP,16.5,17.5,16.5,16.5,16.5,16.5
Sassafras,SR0206PSP,30.5,22.5,30.5,30.5,30.5,30.5
Sassafras,SR0217PSP,29.9,15,29.9,29.9,29.9,29.9
Sassafras,SR0205PSP,7.4,12,7.4,7.4,7.4,7.4
Sassafras,SR0205PSP,17.1,13,17.1,17.1,17.1,17.1
Sassafras,SR0206PSP,18.8,18.9,18.8,18.8,18.8,18.8
Sassafras,SR0205PSP,18.9,17.1,18.9,18.9,18.9,18.9
Sassafras,SR0205PSP,5,8.3,5.0,5.0,5.0,5.0
Sassafras,SR0205PSP,4.5,7.34,4.5,4.5,4.5,4.5
Sassafras,SR1208PSP,34,30.6,34.0,34.0,34.0,34.0
Sassafras,SR0217PSP,12.2,8.34,12.2,12.2,12.2,12.2
Black Oak,SR0406PSP,23.9,21.8,23.9,23.9,23.9,23.9
Black Oak,SR0406PSP,31.3,23.9,31.3,31.3,31.3,31.3
Black Oak,SR0406PSP,47.6,26.4,47.6,47.6,47.6,47.6
Black Oak,SR0405PSP,46.3,27.4,46.3,46.3,46.3,46.3
Black Oak,SR0405PSP,43.2,30.8,43.2,43.2,43.2,43.2
Black Oak,SR0405PSP,36.6,25.8,36.6,36.6,36.6,36.6
Black Oak,SR0406PSP,22.6,19.5,22.6,22.6,22.6,22.6
Black Oak,SR0406PSP,29.4,23.5,29.4,29.4,29.4,29.4
Black Oak,SR0406PSP,24.6,24.7,24.6,24.6,24.6,24.6
Black Oak,SR0405PSP,40.6,25.9,40.6,40.6,40.6,40.6
Black Oak,SR0405PSP,39.6,27,39.6,39.6,39.6,39.6
Swamp White Oak,SR1015PSP,20.7,15.7,20.7,20.7,20.7,20.7
Swamp White Oak,SR0205PSP,23.6,22.4,23.6,23.6,23.6,23.6
Swamp White Oak,SR1015PSP,36,22.5,36.0,36.0,36.0,36.0
Swamp White Oak,SR1015PSP,26.9,16.71,26.9,26.9,26.9,26.9
Swamp White Oak,SR1015PSP,20.9,18.5,20.9,20.9,20.9,20.9
Swamp White Oak,SR0205PSP,29.6,21.9,29.6,29.6,29.6,29.6
Swamp White Oak,SR1015PSP,36.9,22.3,36.9,36.9,36.9,36.9
Swamp White Oak,SR1015PSP,22,17.1,22.0,22.0,22.0,22.0
Swamp White Oak,SR1015PSP,16.2,17.3,16.2,16.2,16.2,16.2
Swamp White Oak,SR1015PSP,18.6,16.9,18.6,18.6,18.6,18.6
Swamp White Oak,SR1015PSP,31.9,21.4,31.9,31.9,31.9,31.9
Swamp White Oak,SR0208PSP,45.4,27.3,45.4,45.4,45.4,45.4
Swamp White Oak,SR1022PSP,29.6,20.3,29.6,29.6,29.6,29.6
Swamp White Oak,SR0208PSP,36.9,24,36.9,36.9,36.9,36.9
Swamp White Oak,SR1015PSP,23.2,17.6,23.2,23.2,23.2,23.2
Swamp White Oak,SR1015PSP,13,13.7,13.0,13.0,13.0,13.0
Sweet Pignut Hickory,SR1004PSP,50.9,29.3,50.9,50.9,50.9,50.9
Sweet Pignut Hickory,SR1008PSP,34.1,30.1,34.1,34.1,34.1,34.1
Sweet Pignut Hickory,SR1003PSP,42.3,27.9,42.3,42.3,42.3,42.3
Sweet Pignut Hickory,SR1002PSP,40.9,31.8,40.9,40.9,40.9,40.9
Sweet Pignut Hickory,SR1008PSP,38.9,30.3,38.9,38.9,38.9,38.9
Sweet Pignut Hickory,SR1023PSP,40.8,26.7,40.8,40.8,40.8,40.8
Sweet Pignut Hickory,SR1008PSP,40.3,27.8,40.3,40.3,40.3,40.3
Sweet Pignut Hickory,SR1008PSP,38.5,27.9,38.5,38.5,38.5,38.5
Sweet Cherry,SR1201PSP,31.9,22.2,31.9,31.9,31.9,31.9
Sweet Cherry,SR1207PSP,30.9,26.2,30.9,30.9,30.9,30.9
Sweet Cherry,SR1213PSP,3.3,5.2,3.3,3.3,3.3,3.3
Sweet Cherry,SR1013PSP,8,11.5,8.0,8.0,8.0,8.0
Sweet Cherry,SR1202PSP,5.5,10.1,5.5,5.5,5.5,5.5
Sweet Cherry,SR1201PSP,31.7,20,31.7,31.7,31.7,31.7
Sweet Cherry,SR1207PSP,32.6,30.4,32.6,32.6,32.6,32.6
Sweet Cherry,SR1201PSP,31.6,21.2,31.6,31.6,31.6,31.6
Sweet Cherry,SR1213PSP,4.1,5.4,4.1,4.1,4.1,4.1
Sweet Cherry,SR1201PSP,27.3,19.2,27.3,27.3,27.3,27.3
Sweet Cherry,SR1202PSP,4.6,8.2,4.6,4.6,4.6,4.6
Sweet Cherry,SR1201PSP,29.7,21.1,29.7,29.7,29.7,29.7
Sweet Cherry,SR1201PSP,28.8,18.9,28.8,28.8,28.8,28.8
Sweet Cherry,SR1202PSP,5.5,9.9,5.5,5.5,5.5,5.5
Black Maple,SR5407PSP,23.5,16.4,23.5,23.5,23.5,23.5
Black Maple,SR1209PSP,24.1,20.1,24.1,24.1,24.1,24.1
Black Maple,SR4426PSP,42.1,19.5,42.1,42.1,42.1,42.1
Black Maple,SR4426PSP,25.8,21.3,25.8,25.8,25.8,25.8
Black Maple,SR0201PSP,7.5,10.6,7.5,7.5,7.5,7.5
Black Maple,SR5407PSP,11.1,10.7,11.1,11.1,11.1,11.1
Black Maple,SR1209PSP,16.3,17.5,16.3,16.3,16.3,16.3
Black Maple,SR4005PSP,16.5,15,16.5,16.5,16.5,16.5
Black Maple,SR4008PSP,5.7,9.52,5.7,5.7,5.7,5.7
Black Maple,SR4427PSP,31,20.1,31.0,31.0,31.0,31.0
Black Maple,SR1021PSP,5.7,9.6,5.7,5.7,5.7,5.7
Black Maple,SR1209PSP,26.2,21.6,26.2,26.2,26.2,26.2
Black Maple,SR5415PSP,10.7,13.9,10.7,10.7,10.7,10.7
Black Maple,SR0001PSP,3.8,4.9,3.8,3.8,3.8,3.8
Black Maple,SR1209PSP,41.6,27.2,41.6,41.6,41.6,41.6
Black Maple,SR5407PSP,14.6,14.7,14.6,14.6,14.6,14.6
Black Maple,SR1021PSP,3.3,5.6,3.3,3.3,3.3,3.3
Black Maple,SR1003PSP,38.7,25.3,38.7,38.7,38.7,38.7
Black Maple,SR5407PSP,12.2,11.8,12.2,12.2,12.2,12.2
Black Maple,SR1209PSP,44.3,26.6,44.3,44.3,44.3,44.3
Black Maple,SR4005PSP,8.7,10.84,8.7,8.7,8.7,8.7
Black Maple,SR1209PSP,38,24.5,38.0,38.0,38.0,38.0
Black Maple,SR4426PSP,3,4.55,3.0,3.0,3.0,3.0
Black Maple,SR1209PSP,6.2,10.8,6.2,6.2,6.2,6.2
American Hornbeam,SR0205PSP,16.1,6.75,16.1,16.1,16.1,16.1
American Hornbeam,SR0206PSP,15,9.53,15.0,15.0,15.0,15.0
American Hornbeam,SR5009PSP,2.9,5.15,2.9,2.9,2.9,2.9
American Hornbeam,SR0208PSP,6.9,6.94,6.9,6.9,6.9,6.9
American Hornbeam,SR0208PSP,10.4,13.5,10.4,10.4,10.4,10.4
American Hornbeam,SR0208PSP,6.2,11.2,6.2,6.2,6.2,6.2
American Hornbeam,SR0208PSP,10.3,11.8,10.3,10.3,10.3,10.3
American Hornbeam,SR0208PSP,8.6,9.6,8.6,8.6,8.6,8.6
American Hornbeam,SR5417PSP,28,18.6,28.0,28.0,28.0,28.0
American Hornbeam,SR0207PSP,8.2,8.25,8.2,8.2,8.2,8.2
American Hornbeam,SR1204PSP,4.7,6.99,4.7,4.7,4.7,4.7
American Hornbeam,SR0208PSP,11.2,10.62,11.2,11.2,11.2,11.2
American Hornbeam,SR5404PSP,2.8,7,2.8,2.8,2.8,2.8
American Hornbeam,SR0211PSP,13.1,10.1,13.1,13.1,13.1,13.1
American Hornbeam,SR1401PSP,2.8,3.02,2.8,2.8,2.8,2.8
Manitoba Maple,SR2230PSP,9.9,12.2,9.9,9.9,9.9,9.9
Manitoba Maple,SR5024PSP,5.1,4.6,5.1,5.1,5.1,5.1
Manitoba Maple,SR2230PSP,3.2,5.45,3.2,3.2,3.2,3.2
Manitoba Maple,SR2230PSP,3.7,5.74,3.7,3.7,3.7,3.7
Manitoba Maple,SR2230PSP,9.1,12.3,9.1,9.1,9.1,9.1
Manitoba Maple,SR5024PSP,4.2,4.5,4.2,4.2,4.2,4.2
Manitoba Maple,SR2230PSP,9.1,12.6,9.1,9.1,9.1,9.1
Manitoba Maple,SR5024PSP,6.1,5.3,6.1,6.1,6.1,6.1
Bitternut Hickory,SR5003PSP,6,5.45,6.0,6.0,6.0,6.0
Bitternut Hickory,SR4001PSP,23.2,25.3,23.2,23.2,23.2,23.2
Bitternut Hickory,SR4413PSP,26.3,20.1,26.3,26.3,26.3,26.3
Bitternut Hickory,SR0207PSP,9.9,11.5,9.9,9.9,9.9,9.9
Bitternut Hickory,SR0003PSP,9.8,13.4,9.8,9.8,9.8,9.8
Bitternut Hickory,SR4423PSP,30.3,15.1,30.3,30.3,30.3,30.3
Bitternut Hickory,SR4424PSP,18.1,15.5,18.1,18.1,18.1,18.1
Bitternut Hickory,SR4417PSP,19.5,21.1,19.5,19.5,19.5,19.5
Bitternut Hickory,SR4008PSP,9.2,18.7,9.2,9.2,9.2,9.2
Bitternut Hickory,SR0022PSP,33.6,32.4,33.6,33.6,33.6,33.6
Bitternut Hickory,SR5002PSP,30,22,30.0,30.0,30.0,30.0
Bitternut Hickory,SR5003PSP,13.2,17.5,13.2,13.2,13.2,13.2
Bitternut Hickory,SR0007PSP,35.6,35.4,35.6,35.6,35.6,35.6
Bitternut Hickory,SR1017PSP,19.2,21.3,19.2,19.2,19.2,19.2
Bitternut Hickory,SR5001PSP,15.2,18.5,15.2,15.2,15.2,15.2
Bitternut Hickory,SR1201PSP,17.5,19.51,17.5,17.5,17.5,17.5
Bitternut Hickory,SR4406PSP,5.7,9.62,5.7,5.7,5.7,5.7
Bitternut Hickory,SR0208PSP,7,9.99,7.0,7.0,7.0,7.0
Bitternut Hickory,SR4413PSP,4.9,8.4,4.9,4.9,4.9,4.9
Bitternut Hickory,SR1017PSP,26.8,24.6,26.8,26.8,26.8,26.8
Bitternut Hickory,SR4413PSP,18.2,19.7,18.2,18.2,18.2,18.2
Bitternut Hickory,SR1201PSP,6.3,10.6,6.3,6.3,6.3,6.3
Bitternut Hickory,SR4407PSP,26.8,21.3,26.8,26.8,26.8,26.8
Bitternut Hickory,SR1209PSP,26,22,26.0,26.0,26.0,26.0
Shagbark Hickory,SR0201PSP,17.9,21.9,17.9,17.9,17.9,17.9
Shagbark Hickory,SR5024PSP,2.9,6.74,2.9,2.9,2.9,2.9
Shagbark Hickory,SR0205PSP,25.3,20.5,25.3,25.3,25.3,25.3
Shagbark Hickory,SR0216PSP,25.7,22.2,25.7,25.7,25.7,25.7
Shagbark Hickory,SR1202PSP,25.5,24,25.5,25.5,25.5,25.5
Shagbark Hickory,SR5024PSP,4.2,7.06,4.2,4.2,4.2,4.2
Shagbark Hickory,SR1202PSP,24.2,21.5,24.2,24.2,24.2,24.2
Shagbark Hickory,SR1023PSP,29.5,22.8,29.5,29.5,29.5,29.5
Shagbark Hickory,SR5417PSP,10.7,15.9,10.7,10.7,10.7,10.7
Shagbark Hickory,SR1202PSP,5,6.9,5.0,5.0,5.0,5.0
Shagbark Hickory,SR0204PSP,33,20,33.0,33.0,33.0,33.0
Shagbark Hickory,SR1022PSP,17,17.3,17.0,17.0,17.0,17.0
Shagbark Hickory,SR1021PSP,39.4,24.5,39.4,39.4,39.4,39.4
Shagbark Hickory,SR0205PSP,32.1,25.5,32.1,32.1,32.1,32.1
Shagbark Hickory,SR0404PSP,20.1,21.6,20.1,20.1,20.1,20.1
Shagbark Hickory,SR1202PSP,3.3,5.56,3.3,3.3,3.3,3.3
Shagbark Hickory,SR1203PSP,28.1,26.7,28.1,28.1,28.1,28.1
Shagbark Hickory,SR0205PSP,3.2,5.43,3.2,3.2,3.2,3.2
Shagbark Hickory,SR0204PSP,8.3,11.9,8.3,8.3,8.3,8.3
Shagbark Hickory,SR1201PSP,6.8,8.92,6.8,6.8,6.8,6.8
Shagbark Hickory,SR1203PSP,23.3,25.5,23.3,23.3,23.3,23.3
Shagbark Hickory,SR1219PSP,20.3,25.2,20.3,20.3,20.3,20.3
Shagbark Hickory,SR5024PSP,2.6,3.7,2.6,2.6,2.6,2.6
Shagbark Hickory,SR0016PSP,16.6,18,16.6,16.6,16.6,16.6
Cucumber Tree,SR1210PSP,44.1,26,44.1,44.1,44.1,44.1
Cucumber Tree,SR1210PSP,2.5,3.78,2.5,2.5,2.5,2.5
Cucumber Tree,SR1210PSP,68.8,29.42,68.8,68.8,68.8,68.8
Cucumber Tree,SR1210PSP,4,5.36,4.0,4.0,4.0,4.0
Cucumber Tree,SR1210PSP,2.7,4.55,2.7,2.7,2.7,2.7
Pin Cherry,NBPWP031PGP,5.5,7.5,5.5,5.5,5.5,5.5
Pin Cherry,FCDOM200243PGP,12.2,13.1,12.2,12.2,12.2,12.2
Pin Cherry,CE0006PSP,11.3,13.4,11.3,11.3,11.3,11.3
Pin Cherry,BAN2004025PGP,17.7,13.3,17.7,17.7,17.7,17.7
Pin Cherry,HEM_CLAN294PGP,16.5,15,16.5,16.5,16.5,16.5
Pin Cherry,BY_MCPGP,9.7,12.9,9.7,9.7,9.7,9.7
Pin Cherry,NBPWP031PGP,5.7,7.9,5.7,5.7,5.7,5.7
Pin Cherry,IFF1993009PSP,8.4,11.3,8.4,8.4,8.4,8.4
Pin Cherry,HEM_BRUT497PGP,12.7,12,12.7,12.7,12.7,12.7
Pin Cherry,CE3017PSP,3.8,7.7,3.8,3.8,3.8,3.8
Pin Cherry,IFF1993009PSP,8.4,12,8.4,8.4,8.4,8.4
Pin Cherry,CE0006PSP,12.9,13.4,12.9,12.9,12.9,12.9
Pin Cherry,TBP1992016PSP,12.5,13.9,12.5,12.5,12.5,12.5
Pin Cherry,IFF1993009PSP,8.7,11,8.7,8.7,8.7,8.7
Pin Cherry,COC2019001PSP,7.7,12,7.7,7.7,7.7,7.7
Pin Cherry,BY_L1CTPGP,15.5,16.5,15.5,15.5,15.5,15.5
Slippery Elm,SR5204PSP,15.5,14.2,15.5,15.5,15.5,15.5
Slippery Elm,SR4406PSP,6.4,6.6,6.4,6.4,6.4,6.4
Slippery Elm,SR4406PSP,3.2,4.5,3.2,3.2,3.2,3.2
Slippery Elm,SR4424PSP,29.8,20.5,29.8,29.8,29.8,29.8
Slippery Elm,SR4406PSP,21.1,19.1,21.1,21.1,21.1,21.1
Slippery Elm,SR5416PSP,8.2,8.3,8.2,8.2,8.2,8.2
Slippery Elm,SR4424PSP,30,18.8,30.0,30.0,30.0,30.0
Slippery Elm,SR5407PSP,16.9,11.8,16.9,16.9,16.9,16.9
Slippery Elm,SR5007PSP,6.1,6.3,6.1,6.1,6.1,6.1
Slippery Elm,SR4424PSP,29.4,17.7,29.4,29.4,29.4,29.4
Slippery Elm,SR5416PSP,14.8,18,14.8,14.8,14.8,14.8
Slippery Elm,SR5416PSP,34.6,25.3,34.6,34.6,34.6,34.6
Slippery Elm,SR5007PSP,29.2,16,29.2,29.2,29.2,29.2
Slippery Elm,SR5416PSP,7.9,7.56,7.9,7.9,7.9,7.9
Slippery Elm,SR4424PSP,12.8,11.8,12.8,12.8,12.8,12.8
Slippery Elm,SR5416PSP,12.7,18.1,12.7,12.7,12.7,12.7
Slippery Elm,SR4424PSP,12.2,13.9,12.2,12.2,12.2,12.2
Slippery Elm,SR5416PSP,11.3,8.95,11.3,11.3,11.3,11.3
Slippery Elm,SR4424PSP,6.5,8.7,6.5,6.5,6.5,6.5
Slippery Elm,SR5416PSP,8.7,8.45,8.7,8.7,8.7,8.7
Slippery Elm,SR5414PSP,8.6,7.42,8.6,8.6,8.6,8.6
Slippery Elm,SR5007PSP,28.5,15.3,28.5,28.5,28.5,28.5
Rock Elm,NBBY043PGP,14.8,15.4,14.8,14.8,14.8,14.8
Rock Elm,SR5417PSP,25.7,18.7,25.7,25.7,25.7,25.7
Rock Elm,SR3011PSP,5.7,6.2,5.7,5.7,5.7,5.7
Rock Elm,SR5417PSP,18.9,20.3,18.9,18.9,18.9,18.9
Rock Elm,SR4012PSP,5.3,6.28,5.3,5.3,5.3,5.3
Rock Elm,SR1022PSP,6.4,9.8,6.4,6.4,6.4,6.4
Rock Elm,NBBY043PGP,15.3,13.7,15.3,15.3,15.3,15.3
Rock Elm,SR4012PSP,5.2,6.65,5.2,5.2,5.2,5.2
Rock Elm,SR5404PSP,8.3,11.7,8.3,8.3,8.3,8.3
Rock Elm,SR1017PSP,28.4,26.2,28.4,28.4,28.4,28.4
Rock Elm,SR5417PSP,19.4,20.2,19.4,19.4,19.4,19.4
Rock Elm,SR1022PSP,3.8,6.1,3.8,3.8,3.8,3.8
Rock Elm,SR5417PSP,9.4,14,9.4,9.4,9.4,9.4
Rock Elm,SR5417PSP,15,18.5,15.0,15.0,15.0,15.0
Rock Elm,SR1017PSP,27.7,24.2,27.7,27.7,27.7,27.7
Rock Elm,SR5417PSP,18.2,18.3,18.2,18.2,18.2,18.2
Rock Elm,SR4012PSP,8.5,7.27,8.5,8.5,8.5,8.5
Rock Elm,SR5417PSP,24.9,20.3,24.9,24.9,24.9,24.9
Rock Elm,SR5417PSP,18.5,19.3,18.5,18.5,18.5,18.5
Freeman's Maple,SR5404PSP,31.7,25.8,31.7,31.7,31.7,31.7
Freeman's Maple,SR5404PSP,40.9,29.5,40.9,40.9,40.9,40.9
Freeman's Maple,SR5404PSP,10.7,14.1,10.7,10.7,10.7,10.7
Freeman's Maple,SR5404PSP,4.1,6.45,4.1,4.1,4.1,4.1
Freeman's Maple,SR5404PSP,22.7,24,22.7,22.7,22.7,22.7
Freeman's Maple,SR5404PSP,12.7,18.1,12.7,12.7,12.7,12.7
Freeman's Maple,SR5404PSP,6.7,9.6,6.7,6.7,6.7,6.7
Freeman's Maple,SR5404PSP,23.5,24.3,23.5,23.5,23.5,23.5
Freeman's Maple,SR5404PSP,29.7,29,29.7,29.7,29.7,29.7
Salix tree species,1225636PIP,11,10.4,11.0,11.0,11.0,11.0
Salix tree species,1191231PIP,9.4,6.9,9.4,9.4,9.4,9.4
Salix tree species,COC2019002PSP,9,9.9,9.0,9.0,9.0,9.0
Salix tree species,1225636PIP,12.8,8.8,12.8,12.8,12.8,12.8
Salix tree species,IFF1993009PSP,7.8,9.6,7.8,7.8,7.8,7.8
Salix tree species,1225561PIP,18.3,11,18.3,18.3,18.3,18.3
Salix tree species,COC1994017PSP,11,8,11.0,11.0,11.0,11.0
Salix tree species,NP1996007PSP,7.9,7.95,7.9,7.9,7.9,7.9
Salix tree species,GCF1994010PGP,10.5,8.8,10.5,10.5,10.5,10.5
Salix tree species,BR0554PGP,8.7,14.87,8.7,8.7,8.7,8.7
Salix tree species,1177416PIP,12.1,9.9,12.1,12.1,12.1,12.1
Salix tree species,KLK1994042PSP,8.9,7.1,8.9,8.9,8.9,8.9
Salix tree species,GCF1994010PGP,9.6,7.4,9.6,9.6,9.6,9.6
Salix tree species,KAP1992004PSP,15.1,11.7,15.1,15.1,15.1,15.1
Salix tree species,COC2019001PSP,10.4,13.8,10.4,10.4,10.4,10.4
Salix tree species,GCF1994010PGP,8.7,8.5,8.7,8.7,8.7,8.7
Striped Maple,HEM_BRUT399PGP,10.2,12,10.2,10.2,10.2,10.2
Striped Maple,LD2405PGP,9.6,13.9,9.6,9.6,9.6,9.6
Striped Maple,HEM_DICK711PGP,7.5,11,7.5,7.5,7.5,7.5
Striped Maple,LD2603PGP,7.7,9.6,7.7,7.7,7.7,7.7
Striped Maple,HEM_DICK862PGP,8.5,15,8.5,8.5,8.5,8.5
Striped Maple,HEM_DICK598PGP,14,12.5,14.0,14.0,14.0,14.0
Striped Maple,LD0306PGP,8.5,8.4,8.5,8.5,8.5,8.5
Striped Maple,HEM_BRUT494PGP,12.3,11.5,12.3,12.3,12.3,12.3
Striped Maple,HEM_DICK862PGP,12.8,8,12.8,12.8,12.8,12.8
Striped Maple,LD1205PGP,11.8,11.9,11.8,11.8,11.8,11.8
Striped Maple,HEM_LAWR227PGP,8.5,7,8.5,8.5,8.5,8.5
Striped Maple,HEM_DICK862PGP,13.6,8.5,13.6,13.6,13.6,13.6
Striped Maple,HEM_DICK862PGP,10,9,10.0,10.0,10.0,10.0
Striped Maple,HEM_FRES817PGP,9.7,10,9.7,9.7,9.7,9.7
Striped Maple,HEM_DICK711PGP,16.9,14,16.9,16.9,16.9,16.9
Striped Maple,HEM_DICK862PGP,8.7,12,8.7,8.7,8.7,8.7
Amelanchier species,1239491PIP,11.9,10,11.9,11.9,11.9,11.9
Amelanchier species,1239491PIP,7.5,9.9,7.5,7.5,7.5,7.5
Amelanchier species,1239491PIP,11.5,10.2,11.5,11.5,11.5,11.5
Amelanchier species,1246381PIP,8,8.7,8.0,8.0,8.0,8.0
Amelanchier species,1246381PIP,10.4,9.7,10.4,10.4,10.4,10.4
Sorbus species,FCDOM200545PGP,18.5,11.7,18.5,18.5,18.5,18.5
Sorbus species,WWA1995021PSP,11,9.6,11.0,11.0,11.0,11.0
Sorbus species,BP1994012PSP,7.6,8.1,7.6,7.6,7.6,7.6
Sorbus species,NP1996007PSP,10,7.65,10.0,10.0,10.0,10.0
Sorbus species,NP1995014PSP,8.8,8.55,8.8,8.8,8.8,8.8
Sorbus species,FCABI200303PGP,7.5,7.9,7.5,7.5,7.5,7.5
Sorbus species,BR0557PGP,9.1,11.4,9.1,9.1,9.1,9.1
Sorbus species,FCDOM200304PGP,8.1,12.1,8.1,8.1,8.1,8.1
Sorbus species,CHA1995014PSP,8.9,8,8.9,8.9,8.9,8.9
American Mountain-ash,1273661PIP,9.7,11,9.7,9.7,9.7,9.7
American Mountain-ash,1253101PIP,14.7,11.3,14.7,14.7,14.7,14.7
American Mountain-ash,1253101PIP,13.4,10.23,13.4,13.4,13.4,13.4
American Mountain-ash,1253101PIP,19,13.9,19.0,19.0,19.0,19.0
American Mountain-ash,1273661PIP,11,10.2,11.0,11.0,11.0,11.0
American Mountain-ash,1273661PIP,9.6,8.6,9.6,9.6,9.6,9.6
American Mountain-ash,1253101PIP,8.8,8.7,8.8,8.8,8.8,8.8
American Mountain-ash,1253101PIP,20,13.7,20.0,20.0,20.0,20.0
European Buckthorn,SR1001PSP,2.7,5.44,2.7,2.7,2.7,2.7
European Buckthorn,SR1001PSP,6.7,10.2,6.7,6.7,6.7,6.7
European Buckthorn,SR1001PSP,7.4,11.6,7.4,7.4,7.4,7.4
European Buckthorn,SR1001PSP,4.4,9.5,4.4,4.4,4.4,4.4
European Buckthorn,SR1001PSP,4,8.2,4.0,4.0,4.0,4.0
